alg,in-scale,num-ratings,field,value
ItemItem,5,1000,MI-native-corrected,0.267345897792
ItemItem,5,1000,RMSE.ByUser,0.830586146204
ItemItem,5,1000,MI-native,0.267428481441
ItemItem,5,1000,NAttempted,139756.0
ItemItem,5,1000,MI-100-corrected,0.322395523679
ItemItem,5,1000,MI-50.ByUser,1.28540083519
ItemItem,5,1000,MI-2.ByUser,0.229686359153
ItemItem,5,1000,NRMSE.ByUser,0.207646536551
ItemItem,5,1000,NMAE,0.167888295426
ItemItem,5,1000,MI-20,0.318832364505
ItemItem,5,1000,MAE,0.671553181704
ItemItem,5,1000,MI-native.ByUser,0.486077742482
ItemItem,5,1000,NMAE.ByUser,0.167888295426
ItemItem,5,1000,RMSE.ByRating,0.877976943899
ItemItem,5,1000,NUsers,13975.6
ItemItem,5,1000,MI-50-corrected,0.321833270869
ItemItem,5,1000,TestTime,3633.8
ItemItem,5,1000,MI-2-corrected.ByUser,-0.058852649025
ItemItem,5,1000,nDCG,0.958017519936
ItemItem,5,1000,MI-100.ByUser,1.4058638781
ItemItem,5,1000,MI-5-corrected.ByUser,-0.668078290229
ItemItem,5,1000,MI-100,0.324439468972
ItemItem,5,1000,MI-2,0.14956130496
ItemItem,5,1000,MI-5,0.267428481441
ItemItem,5,1000,Coverage,1.0
ItemItem,5,1000,MI-100-corrected.ByUser,-27.1594979315
ItemItem,5,1000,BuildTime,609808.0
ItemItem,5,1000,MI-50-corrected.ByUser,-12.8530105655
ItemItem,5,1000,MI-10.ByUser,0.748795632256
ItemItem,5,1000,MI-20.ByUser,1.01664099698
ItemItem,5,1000,MI-5-corrected,0.267345897792
ItemItem,5,1000,MI-10-corrected,0.305998037474
ItemItem,5,1000,NGood,139756.0
ItemItem,5,1000,MAE.ByUser,0.671553181704
ItemItem,5,1000,MI-10-corrected.ByUser,-1.84805544134
ItemItem,5,1000,MI-2-corrected,0.149540659048
ItemItem,5,1000,NRMSE,0.219494235975
ItemItem,5,1000,MI-50,0.32284492056
ItemItem,5,1000,MI-20-corrected.ByUser,-4.4656001584
ItemItem,5,1000,MI-20-corrected,0.318440092176
ItemItem,5,1000,MI-10,0.306183850682
ItemItem,5,1000,MI-5.ByUser,0.486077742482
ItemUserMean,5,1000,MI-native-corrected,0.195027648518
ItemUserMean,5,1000,RMSE.ByUser,0.866579756344
ItemUserMean,5,1000,MI-native,0.195110232166
ItemUserMean,5,1000,NAttempted,139756.0
ItemUserMean,5,1000,MI-100-corrected,0.247658094805
ItemUserMean,5,1000,MI-50.ByUser,1.21563462883
ItemUserMean,5,1000,MI-2.ByUser,0.178644618922
ItemUserMean,5,1000,NRMSE.ByUser,0.216644939086
ItemUserMean,5,1000,NMAE,0.177995312853
ItemUserMean,5,1000,MI-20,0.243993864001
ItemUserMean,5,1000,MAE,0.711981251413
ItemUserMean,5,1000,MI-native.ByUser,0.359582482531
ItemUserMean,5,1000,NMAE.ByUser,0.177995312853
ItemUserMean,5,1000,RMSE.ByRating,0.910327426224
ItemUserMean,5,1000,NUsers,13975.6
ItemUserMean,5,1000,MI-50-corrected,0.247263039654
ItemUserMean,5,1000,TestTime,35327.8
ItemUserMean,5,1000,MI-2-corrected.ByUser,-0.109894389256
ItemUserMean,5,1000,nDCG,0.949609939185
ItemUserMean,5,1000,MI-100.ByUser,1.36697464361
ItemUserMean,5,1000,MI-5-corrected.ByUser,-0.79457355018
ItemUserMean,5,1000,MI-100,0.249702040099
ItemUserMean,5,1000,MI-2,0.114680806846
ItemUserMean,5,1000,MI-5,0.195110232166
ItemUserMean,5,1000,Coverage,1.0
ItemUserMean,5,1000,MI-100-corrected.ByUser,-27.198387166
ItemUserMean,5,1000,BuildTime,22002.8
ItemUserMean,5,1000,MI-50-corrected.ByUser,-12.9227767719
ItemUserMean,5,1000,MI-10.ByUser,0.611314722058
ItemUserMean,5,1000,MI-20.ByUser,0.89873148913
ItemUserMean,5,1000,MI-5-corrected,0.195027648518
ItemUserMean,5,1000,MI-10-corrected,0.231919088245
ItemUserMean,5,1000,NGood,139756.0
ItemUserMean,5,1000,MAE.ByUser,0.711981251413
ItemUserMean,5,1000,MI-10-corrected.ByUser,-1.98553635154
ItemUserMean,5,1000,MI-2-corrected,0.114660160934
ItemUserMean,5,1000,NRMSE,0.227581856556
ItemUserMean,5,1000,MI-50,0.248274689345
ItemUserMean,5,1000,MI-20-corrected.ByUser,-4.58350966625
ItemUserMean,5,1000,MI-20-corrected,0.243601591672
ItemUserMean,5,1000,MI-10,0.232104901454
ItemUserMean,5,1000,MI-5.ByUser,0.359582482531
ItemItem,5,15,MI-native-corrected,0.159454698637
ItemItem,5,15,RMSE.ByUser,0.985712248199
ItemItem,5,15,MI-native,0.159461145178
ItemItem,5,15,NAttempted,1790376.8
ItemItem,5,15,MI-100-corrected,0.180400680302
ItemItem,5,15,MI-50.ByUser,0.845142722076
ItemItem,5,15,MI-2.ByUser,0.122959589345
ItemItem,5,15,NRMSE.ByUser,0.24642806205
ItemItem,5,15,NMAE,0.19820918418
ItemItem,5,15,MI-20,0.178984319717
ItemItem,5,15,MAE,0.792836736719
ItemItem,5,15,MI-native.ByUser,0.266138732287
ItemItem,5,15,NMAE.ByUser,0.197448331572
ItemItem,5,15,RMSE.ByRating,1.02394966022
ItemItem,5,15,NUsers,13975.6
ItemItem,5,15,MI-50-corrected,0.180221948278
ItemItem,5,15,TestTime,21658.4
ItemItem,5,15,MI-2-corrected.ByUser,0.0134267248927
ItemItem,5,15,nDCG,0.951285218077
ItemItem,5,15,MI-100.ByUser,1.05182940008
ItemItem,5,15,MI-5-corrected.ByUser,-0.171992725522
ItemItem,5,15,MI-100,0.18056023219
ItemItem,5,15,MI-2,0.107160883985
ItemItem,5,15,MI-5,0.159461145178
ItemItem,5,15,Coverage,1.0
ItemItem,5,15,MI-100-corrected.ByUser,-9.79192418068
ItemItem,5,15,BuildTime,507709.0
ItemItem,5,15,MI-50-corrected.ByUser,-4.52196763608
ItemItem,5,15,MI-10.ByUser,0.407621396258
ItemItem,5,15,MI-20.ByUser,0.580240374174
ItemItem,5,15,MI-5-corrected,0.159454698637
ItemItem,5,15,MI-10-corrected,0.174464161836
ItemItem,5,15,NGood,1790376.8
ItemItem,5,15,MAE.ByUser,0.789793326289
ItemItem,5,15,MI-10-corrected.ByUser,-0.578174383811
ItemItem,5,15,MI-2-corrected,0.107159272349
ItemItem,5,15,NRMSE,0.255987415055
ItemItem,5,15,MI-50,0.180300918404
ItemItem,5,15,MI-20-corrected.ByUser,-1.50088405042
ItemItem,5,15,MI-20-corrected,0.178953698648
ItemItem,5,15,MI-10,0.174478666553
ItemItem,5,15,MI-5.ByUser,0.266138732287
ItemUserMean,5,15,MI-native-corrected,0.167064680439
ItemUserMean,5,15,RMSE.ByUser,0.928410469075
ItemUserMean,5,15,MI-native,0.16707112698
ItemUserMean,5,15,NAttempted,1790376.8
ItemUserMean,5,15,MI-100-corrected,0.20380963525
ItemUserMean,5,15,MI-50.ByUser,0.735790405103
ItemUserMean,5,15,MI-2.ByUser,0.11011101618
ItemUserMean,5,15,NRMSE.ByUser,0.232102617269
ItemUserMean,5,15,NMAE,0.185161785658
ItemUserMean,5,15,MI-20,0.201151015743
ItemUserMean,5,15,MAE,0.740647142634
ItemUserMean,5,15,MI-native.ByUser,0.207649444735
ItemUserMean,5,15,NMAE.ByUser,0.190167380224
ItemUserMean,5,15,RMSE.ByRating,0.941171352971
ItemUserMean,5,15,NUsers,13975.6
ItemUserMean,5,15,MI-50-corrected,0.203466241453
ItemUserMean,5,15,TestTime,42516.6
ItemUserMean,5,15,MI-2-corrected.ByUser,0.000578151728251
ItemUserMean,5,15,nDCG,0.954614724302
ItemUserMean,5,15,MI-100.ByUser,0.940105067111
ItemUserMean,5,15,MI-5-corrected.ByUser,-0.230482013074
ItemUserMean,5,15,MI-100,0.203969187137
ItemUserMean,5,15,MI-2,0.114708040053
ItemUserMean,5,15,MI-5,0.16707112698
ItemUserMean,5,15,Coverage,1.0
ItemUserMean,5,15,MI-100-corrected.ByUser,-9.90364851365
ItemUserMean,5,15,BuildTime,15720.6
ItemUserMean,5,15,MI-50-corrected.ByUser,-4.63131995305
ItemUserMean,5,15,MI-10.ByUser,0.336293396009
ItemUserMean,5,15,MI-20.ByUser,0.490832102339
ItemUserMean,5,15,MI-5-corrected,0.167064680439
ItemUserMean,5,15,MI-10-corrected,0.19326438041
ItemUserMean,5,15,NGood,1790376.8
ItemUserMean,5,15,MAE.ByUser,0.760669520897
ItemUserMean,5,15,MI-10-corrected.ByUser,-0.64950238406
ItemUserMean,5,15,MI-2-corrected,0.114706428418
ItemUserMean,5,15,NRMSE,0.235292838243
ItemUserMean,5,15,MI-50,0.203545211579
ItemUserMean,5,15,MI-20-corrected.ByUser,-1.59029232225
ItemUserMean,5,15,MI-20-corrected,0.201120394674
ItemUserMean,5,15,MI-10,0.193278885127
ItemUserMean,5,15,MI-5.ByUser,0.207649444735
ItemItem,5,10,MI-native-corrected,0.14716763701
ItemItem,5,10,RMSE.ByUser,1.01695679036
ItemItem,5,10,MI-native,0.147173841658
ItemItem,5,10,NAttempted,1860254.8
ItemItem,5,10,MI-100-corrected,0.165868478761
ItemItem,5,10,MI-50.ByUser,0.842109864829
ItemItem,5,10,MI-2.ByUser,0.116739835957
ItemItem,5,10,NRMSE.ByUser,0.254239197591
ItemItem,5,10,NMAE,0.202756751542
ItemItem,5,10,MI-20,0.164563292868
ItemItem,5,10,MAE,0.811027006166
ItemItem,5,10,MI-native.ByUser,0.252425239621
ItemItem,5,10,NMAE.ByUser,0.203911675089
ItemItem,5,10,RMSE.ByRating,1.0443965795
ItemItem,5,10,NUsers,13975.6
ItemItem,5,10,MI-50-corrected,0.165680012334
ItemItem,5,10,TestTime,21041.4
ItemItem,5,10,MI-2-corrected.ByUser,0.039231993349
ItemItem,5,10,nDCG,0.949695373967
ItemItem,5,10,MI-100.ByUser,1.06026119312
ItemItem,5,10,MI-5-corrected.ByUser,-0.0576061308103
ItemItem,5,10,MI-100,0.166022043797
ItemItem,5,10,MI-2,0.0994171118649
ItemItem,5,10,MI-5,0.147173841658
ItemItem,5,10,Coverage,1.0
ItemItem,5,10,MI-100-corrected.ByUser,-6.61301522506
ItemItem,5,10,BuildTime,507324.2
ItemItem,5,10,MI-50-corrected.ByUser,-2.95577442296
ItemItem,5,10,MI-10.ByUser,0.391132329487
ItemItem,5,10,MI-20.ByUser,0.565909837533
ItemItem,5,10,MI-5-corrected,0.14716763701
ItemItem,5,10,MI-10-corrected,0.160581936016
ItemItem,5,10,NGood,1860254.8
ItemItem,5,10,MAE.ByUser,0.815646700355
ItemItem,5,10,MI-10-corrected.ByUser,-0.306438253984
ItemItem,5,10,MI-2-corrected,0.0994155607029
ItemItem,5,10,NRMSE,0.261099144874
ItemItem,5,10,MI-50,0.16575601927
ItemItem,5,10,MI-20-corrected.ByUser,-0.906739172017
ItemItem,5,10,MI-20-corrected,0.164533820791
ItemItem,5,10,MI-10,0.160595896473
ItemItem,5,10,MI-5.ByUser,0.252425239621
ItemUserMean,5,10,MI-native-corrected,0.155605786129
ItemUserMean,5,10,RMSE.ByUser,0.950756172991
ItemUserMean,5,10,MI-native,0.155611990777
ItemUserMean,5,10,NAttempted,1860254.8
ItemUserMean,5,10,MI-100-corrected,0.187118620306
ItemUserMean,5,10,MI-50.ByUser,0.73576118805
ItemUserMean,5,10,MI-2.ByUser,0.108700426736
ItemUserMean,5,10,NRMSE.ByUser,0.237689043248
ItemUserMean,5,10,NMAE,0.189761202212
ItemUserMean,5,10,MI-20,0.184873188731
ItemUserMean,5,10,MAE,0.759044808847
ItemUserMean,5,10,MI-native.ByUser,0.204828867938
ItemUserMean,5,10,NMAE.ByUser,0.194661940919
ItemUserMean,5,10,RMSE.ByRating,0.963032346572
ItemUserMean,5,10,NUsers,13975.6
ItemUserMean,5,10,MI-50-corrected,0.186846094204
ItemUserMean,5,10,TestTime,46696.6
ItemUserMean,5,10,MI-2-corrected.ByUser,0.0311925841278
ItemUserMean,5,10,nDCG,0.954124453406
ItemUserMean,5,10,MI-100.ByUser,0.949900448714
ItemUserMean,5,10,MI-5-corrected.ByUser,-0.105202502493
ItemUserMean,5,10,MI-100,0.187272185342
ItemUserMean,5,10,MI-2,0.107462040425
ItemUserMean,5,10,MI-5,0.155611990777
ItemUserMean,5,10,Coverage,1.0
ItemUserMean,5,10,MI-100-corrected.ByUser,-6.72337596947
ItemUserMean,5,10,BuildTime,16333.8
ItemUserMean,5,10,MI-50-corrected.ByUser,-3.06212309974
ItemUserMean,5,10,MI-10.ByUser,0.329965394673
ItemUserMean,5,10,MI-20.ByUser,0.483067046847
ItemUserMean,5,10,MI-5-corrected,0.155605786129
ItemUserMean,5,10,MI-10-corrected,0.178223061947
ItemUserMean,5,10,NGood,1860254.8
ItemUserMean,5,10,MAE.ByUser,0.778647763677
ItemUserMean,5,10,MI-10-corrected.ByUser,-0.367605188798
ItemUserMean,5,10,MI-2-corrected,0.107460489263
ItemUserMean,5,10,NRMSE,0.240758086643
ItemUserMean,5,10,MI-50,0.186922101141
ItemUserMean,5,10,MI-20-corrected.ByUser,-0.989581962704
ItemUserMean,5,10,MI-20-corrected,0.184843716654
ItemUserMean,5,10,MI-10,0.178237022405
ItemUserMean,5,10,MI-5.ByUser,0.204828867938
ItemItem,2,20,MI-native-corrected,-4.1939045922e-07
ItemItem,2,20,RMSE.ByUser,0.45966551783
ItemItem,2,20,MI-native,0.0
ItemItem,2,20,NAttempted,1720498.8
ItemItem,2,20,MI-100-corrected,0.114702177163
ItemItem,2,20,MI-50.ByUser,0.263552934756
ItemItem,2,20,MI-2.ByUser,0.0
ItemItem,2,20,NRMSE.ByUser,0.45966551783
ItemItem,2,20,NMAE,0.374008559651
ItemItem,2,20,MI-20,0.110395270306
ItemItem,2,20,MAE,0.374008559651
ItemItem,2,20,MI-native.ByUser,0.0
ItemItem,2,20,NMAE.ByUser,0.362862413756
ItemItem,2,20,RMSE.ByRating,0.489797191539
ItemItem,2,20,NUsers,13595.2
ItemItem,2,20,MI-50-corrected,0.114054413026
ItemItem,2,20,TestTime,22329.0
ItemItem,2,20,MI-2-corrected.ByUser,-0.0524312524064
ItemItem,2,20,nDCG,0.96412797414
ItemItem,2,20,MI-100.ByUser,0.349672955791
ItemItem,2,20,MI-5-corrected.ByUser,-0.131093856231
ItemItem,2,20,MI-100,0.114743696818
ItemItem,2,20,MI-2,0.0
ItemItem,2,20,MI-5,0.0878324840783
ItemItem,2,20,Coverage,1.0
ItemItem,2,20,MI-100-corrected.ByUser,-4.84102103245
ItemItem,2,20,BuildTime,525778.6
ItemItem,2,20,MI-50-corrected.ByUser,-2.30557843316
ItemItem,2,20,MI-10.ByUser,0.113545311859
ItemItem,2,20,MI-20.ByUser,0.170147742649
ItemItem,2,20,MI-5-corrected,0.0878308065165
ItemItem,2,20,MI-10-corrected,0.0993756559878
ItemItem,2,20,NGood,1720498.8
ItemItem,2,20,MAE.ByUser,0.362862413756
ItemItem,2,20,MI-10-corrected.ByUser,-0.358335959799
ItemItem,2,20,MI-2-corrected,-4.1939045922e-07
ItemItem,2,20,NRMSE,0.489797191539
ItemItem,2,20,MI-50,0.114074963158
ItemItem,2,20,MI-20-corrected.ByUser,-0.826046053074
ItemItem,2,20,MI-20-corrected,0.110387301887
ItemItem,2,20,MI-10,0.0993794305019
ItemItem,2,20,MI-5.ByUser,0.0786311533946
ItemUserMean,2,20,MI-native-corrected,-4.1939045922e-07
ItemUserMean,2,20,RMSE.ByUser,0.43052284759
ItemUserMean,2,20,MI-native,0.0
ItemUserMean,2,20,NAttempted,1720498.8
ItemUserMean,2,20,MI-100-corrected,0.155706669972
ItemUserMean,2,20,MI-50.ByUser,0.2258585366
ItemUserMean,2,20,MI-2.ByUser,0.0
ItemUserMean,2,20,NRMSE.ByUser,0.43052284759
ItemUserMean,2,20,NMAE,0.38067413019
ItemUserMean,2,20,MI-20,0.144687998404
ItemUserMean,2,20,MAE,0.38067413019
ItemUserMean,2,20,MI-native.ByUser,0.0
ItemUserMean,2,20,NMAE.ByUser,0.377154031194
ItemUserMean,2,20,RMSE.ByRating,0.443349500013
ItemUserMean,2,20,NUsers,13595.2
ItemUserMean,2,20,MI-50-corrected,0.154312988566
ItemUserMean,2,20,TestTime,51493.2
ItemUserMean,2,20,MI-2-corrected.ByUser,-0.0524312524064
ItemUserMean,2,20,nDCG,0.969178311677
ItemUserMean,2,20,MI-100.ByUser,0.298352240292
ItemUserMean,2,20,MI-5-corrected.ByUser,-0.13078316034
ItemUserMean,2,20,MI-100,0.155748189627
ItemUserMean,2,20,MI-2,0.0
ItemUserMean,2,20,MI-5,0.108903410089
ItemUserMean,2,20,Coverage,1.0
ItemUserMean,2,20,MI-100-corrected.ByUser,-4.89234174795
ItemUserMean,2,20,BuildTime,20395.2
ItemUserMean,2,20,MI-50-corrected.ByUser,-2.34327283132
ItemUserMean,2,20,MI-10.ByUser,0.0908636017435
ItemUserMean,2,20,MI-20.ByUser,0.14726448423
ItemUserMean,2,20,MI-5-corrected,0.108901732527
ItemUserMean,2,20,MI-10-corrected,0.117391702915
ItemUserMean,2,20,NGood,1720498.8
ItemUserMean,2,20,MAE.ByUser,0.377154031194
ItemUserMean,2,20,MI-10-corrected.ByUser,-0.381017669914
ItemUserMean,2,20,MI-2-corrected,-4.1939045922e-07
ItemUserMean,2,20,NRMSE,0.443349500013
ItemUserMean,2,20,MI-50,0.154333538698
ItemUserMean,2,20,MI-20-corrected.ByUser,-0.848929311492
ItemUserMean,2,20,MI-20-corrected,0.144680029986
ItemUserMean,2,20,MI-10,0.117395477429
ItemUserMean,2,20,MI-5.ByUser,0.0789418492855
ItemItem,2,3,MI-native-corrected,-3.68411648931e-07
ItemItem,2,3,RMSE.ByUser,0.529408344719
ItemItem,2,3,MI-native,0.0
ItemItem,2,3,NAttempted,1958084.0
ItemItem,2,3,MI-100-corrected,0.0722951559503
ItemItem,2,3,MI-50.ByUser,0.240627962293
ItemItem,2,3,MI-2.ByUser,0.0
ItemItem,2,3,NRMSE.ByUser,0.529408344719
ItemItem,2,3,NMAE,0.418711969239
ItemItem,2,3,MI-20,0.0692425725119
ItemItem,2,3,MAE,0.418711969239
ItemItem,2,3,MI-native.ByUser,0.0
ItemItem,2,3,NMAE.ByUser,0.421626720102
ItemItem,2,3,RMSE.ByRating,0.534324222099
ItemItem,2,3,NUsers,13975.6
ItemItem,2,3,MI-50-corrected,0.0718492143918
ItemItem,2,3,TestTime,18508.6
ItemItem,2,3,MI-2-corrected.ByUser,-0.0145149575549
ItemItem,2,3,nDCG,0.962966658167
ItemItem,2,3,MI-100.ByUser,0.334059101027
ItemItem,2,3,MI-5-corrected.ByUser,-0.00688787010946
ItemItem,2,3,MI-100,0.0723316287036
ItemItem,2,3,MI-2,0.0
ItemItem,2,3,MI-5,0.0481968403963
ItemItem,2,3,Coverage,1.0
ItemItem,2,3,MI-100-corrected.ByUser,-1.10292169691
ItemItem,2,3,BuildTime,872157.2
ItemItem,2,3,MI-50-corrected.ByUser,-0.470604957899
ItemItem,2,3,MI-10.ByUser,0.0950747434077
ItemItem,2,3,MI-20.ByUser,0.148870047491
ItemItem,2,3,MI-5-corrected,0.0481953667497
ItemItem,2,3,MI-10-corrected,0.0619894279172
ItemItem,2,3,NGood,1958084.0
ItemItem,2,3,MAE.ByUser,0.421626720102
ItemItem,2,3,MI-10-corrected.ByUser,-0.0355598745868
ItemItem,2,3,MI-2-corrected,-3.68411648931e-07
ItemItem,2,3,NRMSE,0.534324222099
ItemItem,2,3,MI-50,0.0718672665626
ItemItem,2,3,MI-20-corrected.ByUser,-0.126914146053
ItemItem,2,3,MI-20-corrected,0.0692355726906
ItemItem,2,3,MI-10,0.061992743622
ItemItem,2,3,MI-5.ByUser,0.0511719601103
ItemUserMean,2,3,MI-native-corrected,-3.68411648931e-07
ItemUserMean,2,3,RMSE.ByUser,0.496589982064
ItemUserMean,2,3,MI-native,0.0
ItemUserMean,2,3,NAttempted,1958084.0
ItemUserMean,2,3,MI-100-corrected,0.0791327446903
ItemUserMean,2,3,MI-50.ByUser,0.215860397716
ItemUserMean,2,3,MI-2.ByUser,0.0
ItemUserMean,2,3,NRMSE.ByUser,0.496589982064
ItemUserMean,2,3,NMAE,0.418924040237
ItemUserMean,2,3,MI-20,0.0758255701828
ItemUserMean,2,3,MAE,0.418924040237
ItemUserMean,2,3,MI-native.ByUser,0.0
ItemUserMean,2,3,NMAE.ByUser,0.421455823863
ItemUserMean,2,3,RMSE.ByRating,0.506357989826
ItemUserMean,2,3,NUsers,13975.6
ItemUserMean,2,3,MI-50-corrected,0.0787303903372
ItemUserMean,2,3,TestTime,126495.6
ItemUserMean,2,3,MI-2-corrected.ByUser,-0.0145149575549
ItemUserMean,2,3,nDCG,0.968075201361
ItemUserMean,2,3,MI-100.ByUser,0.295107160013
ItemUserMean,2,3,MI-5-corrected.ByUser,-0.00260899109911
ItemUserMean,2,3,MI-100,0.0791692174436
ItemUserMean,2,3,MI-2,0.0
ItemUserMean,2,3,MI-5,0.0518825867333
ItemUserMean,2,3,Coverage,1.0
ItemUserMean,2,3,MI-100-corrected.ByUser,-1.14187363793
ItemUserMean,2,3,BuildTime,268326.8
ItemUserMean,2,3,MI-50-corrected.ByUser,-0.495372522476
ItemUserMean,2,3,MI-10.ByUser,0.0919195746703
ItemUserMean,2,3,MI-20.ByUser,0.141252274002
ItemUserMean,2,3,MI-5-corrected,0.0518811130867
ItemUserMean,2,3,MI-10-corrected,0.0675050093873
ItemUserMean,2,3,NGood,1958084.0
ItemUserMean,2,3,MAE.ByUser,0.421455823863
ItemUserMean,2,3,MI-10-corrected.ByUser,-0.0387150433242
ItemUserMean,2,3,MI-2-corrected,-3.68411648931e-07
ItemUserMean,2,3,NRMSE,0.506357989826
ItemUserMean,2,3,MI-50,0.078748442508
ItemUserMean,2,3,MI-20-corrected.ByUser,-0.134531919542
ItemUserMean,2,3,MI-20-corrected,0.0758185703614
ItemUserMean,2,3,MI-10,0.0675083250922
ItemUserMean,2,3,MI-5.ByUser,0.0554508391207
ItemItem,5,20,MI-native-corrected,0.171144179479
ItemItem,5,20,RMSE.ByUser,0.951490827761
ItemItem,5,20,MI-native,0.171150888434
ItemItem,5,20,NAttempted,1720498.8
ItemItem,5,20,MI-100-corrected,0.194693066789
ItemItem,5,20,MI-50.ByUser,0.803307507739
ItemItem,5,20,MI-2.ByUser,0.121589983611
ItemItem,5,20,NRMSE.ByUser,0.23787270694
ItemItem,5,20,NMAE,0.194073894434
ItemItem,5,20,MI-20,0.193084594001
ItemItem,5,20,MAE,0.776295577735
ItemItem,5,20,MI-native.ByUser,0.261457060146
ItemItem,5,20,NMAE.ByUser,0.191502932199
ItemItem,5,20,RMSE.ByRating,1.00514797033
ItemItem,5,20,NUsers,13595.2
ItemItem,5,20,MI-50-corrected,0.194483440725
ItemItem,5,20,TestTime,67768.6
ItemItem,5,20,MI-2-corrected.ByUser,-0.0881317416174
ItemItem,5,20,nDCG,0.954812491453
ItemItem,5,20,MI-100.ByUser,0.99831549166
ItemItem,5,20,MI-5-corrected.ByUser,-0.577429840768
ItemItem,5,20,MI-100,0.194859113404
ItemItem,5,20,MI-2,0.114653377691
ItemItem,5,20,MI-5,0.171150888434
ItemItem,5,20,Coverage,1.0
ItemItem,5,20,MI-100-corrected.ByUser,-19.764135306
ItemItem,5,20,BuildTime,919742.4
ItemItem,5,20,MI-50-corrected.ByUser,-9.47305702845
ItemItem,5,20,MI-10.ByUser,0.395886270395
ItemItem,5,20,MI-20.ByUser,0.556030372237
ItemItem,5,20,MI-5-corrected,0.171144179479
ItemItem,5,20,MI-10-corrected,0.188150633353
ItemItem,5,20,NGood,1720498.8
ItemItem,5,20,MAE.ByUser,0.766011728796
ItemItem,5,20,MI-10-corrected.ByUser,-1.49160925666
ItemItem,5,20,MI-2-corrected,0.114651700453
ItemItem,5,20,NRMSE,0.251286992582
ItemItem,5,20,MI-50,0.194565625414
ItemItem,5,20,MI-20-corrected.ByUser,-3.4286824071
ItemItem,5,20,MI-20-corrected,0.193052726469
ItemItem,5,20,MI-10,0.1881657285
ItemItem,5,20,MI-5.ByUser,0.261457060146
ItemUserMean,5,20,MI-native-corrected,0.175284653359
ItemUserMean,5,20,RMSE.ByUser,0.906168210625
ItemUserMean,5,20,MI-native,0.175291362313
ItemUserMean,5,20,NAttempted,1720498.8
ItemUserMean,5,20,MI-100-corrected,0.216412129175
ItemUserMean,5,20,MI-50.ByUser,0.69748390014
ItemUserMean,5,20,MI-2.ByUser,0.106504063992
ItemUserMean,5,20,NRMSE.ByUser,0.226542052656
ItemUserMean,5,20,NMAE,0.1818475114
ItemUserMean,5,20,MI-20,0.213384096357
ItemUserMean,5,20,MAE,0.727390045601
ItemUserMean,5,20,MI-native.ByUser,0.201401313761
ItemUserMean,5,20,NMAE.ByUser,0.186469390643
ItemUserMean,5,20,RMSE.ByRating,0.926241259657
ItemUserMean,5,20,NUsers,13595.2
ItemUserMean,5,20,MI-50-corrected,0.216059914613
ItemUserMean,5,20,TestTime,258241.4
ItemUserMean,5,20,MI-2-corrected.ByUser,-0.103217661236
ItemUserMean,5,20,nDCG,0.957176969029
ItemUserMean,5,20,MI-100.ByUser,0.889313186594
ItemUserMean,5,20,MI-5-corrected.ByUser,-0.637485587153
ItemUserMean,5,20,MI-100,0.21657817579
ItemUserMean,5,20,MI-2,0.119778485326
ItemUserMean,5,20,MI-5,0.175291362313
ItemUserMean,5,20,Coverage,1.0
ItemUserMean,5,20,MI-100-corrected.ByUser,-19.873137611
ItemUserMean,5,20,BuildTime,31665.2
ItemUserMean,5,20,MI-50-corrected.ByUser,-9.57888063605
ItemUserMean,5,20,MI-10.ByUser,0.324387752241
ItemUserMean,5,20,MI-20.ByUser,0.469332991109
ItemUserMean,5,20,MI-5-corrected,0.175284653359
ItemUserMean,5,20,MI-10-corrected,0.20453828293
ItemUserMean,5,20,NGood,1720498.8
ItemUserMean,5,20,MAE.ByUser,0.745877562572
ItemUserMean,5,20,MI-10-corrected.ByUser,-1.56310777481
ItemUserMean,5,20,MI-2-corrected,0.119776808087
ItemUserMean,5,20,NRMSE,0.231560314914
ItemUserMean,5,20,MI-50,0.216142099301
ItemUserMean,5,20,MI-20-corrected.ByUser,-3.51537978823
ItemUserMean,5,20,MI-20-corrected,0.213352228824
ItemUserMean,5,20,MI-10,0.204553378077
ItemUserMean,5,20,MI-5.ByUser,0.201401313761
ItemItem,5,2,MI-native-corrected,0.0888384220128
ItemItem,5,2,RMSE.ByUser,1.13528901033
ItemItem,5,2,MI-native,0.0888442748779
ItemItem,5,2,NAttempted,1972059.6
ItemItem,5,2,MI-100-corrected,0.098305125743
ItemItem,5,2,MI-50.ByUser,0.735013836334
ItemItem,5,2,MI-2.ByUser,0.0870264883861
ItemItem,5,2,NRMSE.ByUser,0.283822252582
ItemItem,5,2,NMAE,0.228869193089
ItemItem,5,2,MI-20,0.0975838686755
ItemItem,5,2,MAE,0.915476772355
ItemItem,5,2,MI-native.ByUser,0.202479627032
ItemItem,5,2,NMAE.ByUser,0.23416710034
ItemItem,5,2,RMSE.ByRating,1.16781418615
ItemItem,5,2,NUsers,13975.6
ItemItem,5,2,MI-50-corrected,0.0982128140058
ItemItem,5,2,TestTime,18044.6
ItemItem,5,2,MI-2-corrected.ByUser,0.0308270684042
ItemItem,5,2,nDCG,0.951258987881
ItemItem,5,2,MI-100.ByUser,0.961210944508
ItemItem,5,2,MI-5-corrected.ByUser,-0.0223180528951
ItemItem,5,2,MI-100,0.098449984155
ItemItem,5,2,MI-2,0.0574380810565
ItemItem,5,2,MI-5,0.0888442748779
ItemItem,5,2,Coverage,1.0
ItemItem,5,2,MI-100-corrected.ByUser,-4.6025316337
ItemItem,5,2,BuildTime,495158.2
ItemItem,5,2,MI-50-corrected.ByUser,-2.01875774278
ItemItem,5,2,MI-10.ByUser,0.321883369029
ItemItem,5,2,MI-20.ByUser,0.474663955515
ItemItem,5,2,MI-5-corrected,0.0888384220128
ItemItem,5,2,MI-10-corrected,0.095586683119
ItemItem,5,2,NGood,1972059.6
ItemItem,5,2,MAE.ByUser,0.936668401361
ItemItem,5,2,MI-10-corrected.ByUser,-0.183911410808
ItemItem,5,2,MI-2-corrected,0.0574366178402
ItemItem,5,2,NRMSE,0.291953546537
ItemItem,5,2,MI-50,0.0982845116037
ItemItem,5,2,MI-20-corrected.ByUser,-0.593125024141
ItemItem,5,2,MI-20-corrected,0.0975560675661
ItemItem,5,2,MI-10,0.0955998520656
ItemItem,5,2,MI-5.ByUser,0.202479627032
ItemUserMean,5,2,MI-native-corrected,0.0882225787226
ItemUserMean,5,2,RMSE.ByUser,1.10560819692
ItemUserMean,5,2,MI-native,0.0882284315877
ItemUserMean,5,2,NAttempted,1972059.6
ItemUserMean,5,2,MI-100-corrected,0.098590403393
ItemUserMean,5,2,MI-50.ByUser,0.699703786796
ItemUserMean,5,2,MI-2.ByUser,0.0854949505013
ItemUserMean,5,2,NRMSE.ByUser,0.27640204923
ItemUserMean,5,2,NMAE,0.224992077296
ItemUserMean,5,2,MI-20,0.0978701909987
ItemUserMean,5,2,MAE,0.899968309185
ItemUserMean,5,2,MI-native.ByUser,0.193557587874
ItemUserMean,5,2,NMAE.ByUser,0.229485916932
ItemUserMean,5,2,RMSE.ByRating,1.1451118618
ItemUserMean,5,2,NUsers,13975.6
ItemUserMean,5,2,MI-50-corrected,0.0984648298489
ItemUserMean,5,2,TestTime,29579.2
ItemUserMean,5,2,MI-2-corrected.ByUser,0.0292955305194
ItemUserMean,5,2,nDCG,0.953912347146
ItemUserMean,5,2,MI-100.ByUser,0.919132693541
ItemUserMean,5,2,MI-5-corrected.ByUser,-0.0312400920532
ItemUserMean,5,2,MI-100,0.098735261805
ItemUserMean,5,2,MI-2,0.0584605606493
ItemUserMean,5,2,MI-5,0.0882284315877
ItemUserMean,5,2,Coverage,1.0
ItemUserMean,5,2,MI-100-corrected.ByUser,-4.64460988467
ItemUserMean,5,2,BuildTime,27409.0
ItemUserMean,5,2,MI-50-corrected.ByUser,-2.05406779232
ItemUserMean,5,2,MI-10.ByUser,0.307489233616
ItemUserMean,5,2,MI-20.ByUser,0.449821700309
ItemUserMean,5,2,MI-5-corrected,0.0882225787226
ItemUserMean,5,2,MI-10-corrected,0.0957047297876
ItemUserMean,5,2,NGood,1972059.6
ItemUserMean,5,2,MAE.ByUser,0.917943667726
ItemUserMean,5,2,MI-10-corrected.ByUser,-0.198305546221
ItemUserMean,5,2,MI-2-corrected,0.058459097433
ItemUserMean,5,2,NRMSE,0.286277965451
ItemUserMean,5,2,MI-50,0.0985365274467
ItemUserMean,5,2,MI-20-corrected.ByUser,-0.617967279347
ItemUserMean,5,2,MI-20-corrected,0.0978423898893
ItemUserMean,5,2,MI-10,0.0957178987341
ItemUserMean,5,2,MI-5.ByUser,0.193557587874
ItemItem,2,10,MI-native-corrected,-3.87811690772e-07
ItemItem,2,10,RMSE.ByUser,0.494161946875
ItemItem,2,10,MI-native,0.0
ItemItem,2,10,NAttempted,1860254.8
ItemItem,2,10,MI-100-corrected,0.0956970146061
ItemItem,2,10,MI-50.ByUser,0.265930281147
ItemItem,2,10,MI-2.ByUser,0.0
ItemItem,2,10,NRMSE.ByUser,0.494161946875
ItemItem,2,10,NMAE,0.389653226251
ItemItem,2,10,MI-20,0.0917668479526
ItemItem,2,10,MAE,0.389653226251
ItemItem,2,10,MI-native.ByUser,0.0
ItemItem,2,10,NMAE.ByUser,0.385082285717
ItemItem,2,10,RMSE.ByRating,0.508387765605
ItemItem,2,10,NUsers,13975.6
ItemItem,2,10,MI-50-corrected,0.0951426806296
ItemItem,2,10,TestTime,21523.8
ItemItem,2,10,MI-2-corrected.ByUser,-0.019376962492
ItemItem,2,10,nDCG,0.960970257761
ItemItem,2,10,MI-100.ByUser,0.364147702975
ItemItem,2,10,MI-5-corrected.ByUser,-0.00978111120876
ItemItem,2,10,MI-100,0.0957354079635
ItemItem,2,10,MI-2,0.0
ItemItem,2,10,MI-5,0.072790397058
ItemItem,2,10,Coverage,1.0
ItemItem,2,10,MI-100-corrected.ByUser,-1.55417158373
ItemItem,2,10,BuildTime,1092989.4
ItemItem,2,10,MI-50-corrected.ByUser,-0.68354088096
ItemItem,2,10,MI-10.ByUser,0.104335535066
ItemItem,2,10,MI-20.ByUser,0.162962375487
ItemItem,2,10,MI-5-corrected,0.0727888458112
ItemItem,2,10,MI-10-corrected,0.0814739691878
ItemItem,2,10,NGood,1860254.8
ItemItem,2,10,MAE.ByUser,0.385082285717
ItemItem,2,10,MI-10-corrected.ByUser,-0.070057127362
ItemItem,2,10,MI-2-corrected,-3.87811690772e-07
ItemItem,2,10,NRMSE,0.508387765605
ItemItem,2,10,MI-50,0.0951616834024
ItemItem,2,10,MI-20-corrected.ByUser,-0.205199911861
ItemItem,2,10,MI-20-corrected,0.0917594795305
ItemItem,2,10,MI-10,0.081477459493
ItemItem,2,10,MI-5.ByUser,0.0677267387592
ItemUserMean,2,10,MI-native-corrected,-3.87811690772e-07
ItemUserMean,2,10,RMSE.ByUser,0.449218190593
ItemUserMean,2,10,MI-native,0.0
ItemUserMean,2,10,NAttempted,1860254.8
ItemUserMean,2,10,MI-100-corrected,0.132293374843
ItemUserMean,2,10,MI-50.ByUser,0.228496595287
ItemUserMean,2,10,MI-2.ByUser,0.0
ItemUserMean,2,10,NRMSE.ByUser,0.449218190593
ItemUserMean,2,10,NMAE,0.389417414929
ItemUserMean,2,10,MI-20,0.124025589617
ItemUserMean,2,10,MAE,0.389417414929
ItemUserMean,2,10,MI-native.ByUser,0.0
ItemUserMean,2,10,NMAE.ByUser,0.389026728639
ItemUserMean,2,10,RMSE.ByRating,0.456287250498
ItemUserMean,2,10,NUsers,13975.6
ItemUserMean,2,10,MI-50-corrected,0.131216201113
ItemUserMean,2,10,TestTime,451080.2
ItemUserMean,2,10,MI-2-corrected.ByUser,-0.019376962492
ItemUserMean,2,10,nDCG,0.96763108787
ItemUserMean,2,10,MI-100.ByUser,0.309010994664
ItemUserMean,2,10,MI-5-corrected.ByUser,-0.00371355259968
ItemUserMean,2,10,MI-100,0.1323317682
ItemUserMean,2,10,MI-2,0.0
ItemUserMean,2,10,MI-5,0.0919555214428
ItemUserMean,2,10,Coverage,1.0
ItemUserMean,2,10,MI-100-corrected.ByUser,-1.60930829204
ItemUserMean,2,10,BuildTime,175224.4
ItemUserMean,2,10,MI-50-corrected.ByUser,-0.72097456682
ItemUserMean,2,10,MI-10.ByUser,0.0936415119207
ItemUserMean,2,10,MI-20.ByUser,0.14717894475
ItemUserMean,2,10,MI-5-corrected,0.091953970196
ItemUserMean,2,10,MI-10-corrected,0.103140643665
ItemUserMean,2,10,NGood,1860254.8
ItemUserMean,2,10,MAE.ByUser,0.389026728639
ItemUserMean,2,10,MI-10-corrected.ByUser,-0.0807511505072
ItemUserMean,2,10,MI-2-corrected,-3.87811690772e-07
ItemUserMean,2,10,NRMSE,0.456287250498
ItemUserMean,2,10,MI-50,0.131235203886
ItemUserMean,2,10,MI-20-corrected.ByUser,-0.220983342598
ItemUserMean,2,10,MI-20-corrected,0.124018221194
ItemUserMean,2,10,MI-10,0.10314413397
ItemUserMean,2,10,MI-5.ByUser,0.0737942973683
ItemItem,2,1,MI-native-corrected,-3.6327128077e-07
ItemItem,2,1,RMSE.ByUser,0.595997889224
ItemItem,2,1,MI-native,0.0
ItemItem,2,1,NAttempted,1986035.2
ItemItem,2,1,MI-100-corrected,0.059325688033
ItemItem,2,1,MI-50.ByUser,0.21330370115
ItemItem,2,1,MI-2.ByUser,0.0
ItemItem,2,1,NRMSE.ByUser,0.595997889224
ItemItem,2,1,NMAE,0.484169874133
ItemItem,2,1,MI-20,0.0545443259802
ItemItem,2,1,MAE,0.484169874133
ItemItem,2,1,MI-native.ByUser,0.0
ItemItem,2,1,NMAE.ByUser,0.489737364861
ItemItem,2,1,RMSE.ByRating,0.613622660382
ItemItem,2,1,NUsers,13975.6
ItemItem,2,1,MI-50-corrected,0.0586575367003
ItemItem,2,1,TestTime,40331.0
ItemItem,2,1,MI-2-corrected.ByUser,-0.0136199136122
ItemItem,2,1,nDCG,0.967859504041
ItemItem,2,1,MI-100.ByUser,0.292081105425
ItemItem,2,1,MI-5-corrected.ByUser,-0.0302383528125
ItemItem,2,1,MI-100,0.0593616518898
ItemItem,2,1,MI-2,0.0
ItemItem,2,1,MI-5,0.0148264665704
ItemItem,2,1,Coverage,1.0
ItemItem,2,1,MI-100-corrected.ByUser,-1.05629034219
ItemItem,2,1,BuildTime,867157.8
ItemItem,2,1,MI-50-corrected.ByUser,-0.454072065849
ItemItem,2,1,MI-10.ByUser,0.0906162675271
ItemItem,2,1,MI-20.ByUser,0.139822067826
ItemItem,2,1,MI-5-corrected,0.0148250134853
ItemItem,2,1,MI-10-corrected,0.0437520366537
ItemItem,2,1,NGood,1986035.2
ItemItem,2,1,MAE.ByUser,0.489737364861
ItemItem,2,1,MI-10-corrected.ByUser,-0.031962954983
ItemItem,2,1,MI-2-corrected,-3.6327128077e-07
ItemItem,2,1,NRMSE,0.613622660382
ItemItem,2,1,MI-50,0.058675336993
ItemItem,2,1,MI-20-corrected.ByUser,-0.118956290806
ItemItem,2,1,MI-20-corrected,0.0545374238258
ItemItem,2,1,MI-10,0.0437553060952
ItemItem,2,1,MI-5.ByUser,0.0242413016365
ItemUserMean,2,1,MI-native-corrected,-3.6327128077e-07
ItemUserMean,2,1,RMSE.ByUser,0.595997889224
ItemUserMean,2,1,MI-native,0.0
ItemUserMean,2,1,NAttempted,1986035.2
ItemUserMean,2,1,MI-100-corrected,0.059325688033
ItemUserMean,2,1,MI-50.ByUser,0.21330370115
ItemUserMean,2,1,MI-2.ByUser,0.0
ItemUserMean,2,1,NRMSE.ByUser,0.595997889224
ItemUserMean,2,1,NMAE,0.484169874133
ItemUserMean,2,1,MI-20,0.0545443259802
ItemUserMean,2,1,MAE,0.484169874133
ItemUserMean,2,1,MI-native.ByUser,0.0
ItemUserMean,2,1,NMAE.ByUser,0.489737364861
ItemUserMean,2,1,RMSE.ByRating,0.613622660382
ItemUserMean,2,1,NUsers,13975.6
ItemUserMean,2,1,MI-50-corrected,0.0586575367003
ItemUserMean,2,1,TestTime,240230.6
ItemUserMean,2,1,MI-2-corrected.ByUser,-0.0136199136122
ItemUserMean,2,1,nDCG,0.967859504041
ItemUserMean,2,1,MI-100.ByUser,0.292081105425
ItemUserMean,2,1,MI-5-corrected.ByUser,-0.0302383528125
ItemUserMean,2,1,MI-100,0.0593616518898
ItemUserMean,2,1,MI-2,0.0
ItemUserMean,2,1,MI-5,0.0148264665704
ItemUserMean,2,1,Coverage,1.0
ItemUserMean,2,1,MI-100-corrected.ByUser,-1.05629034219
ItemUserMean,2,1,BuildTime,16888.0
ItemUserMean,2,1,MI-50-corrected.ByUser,-0.454072065849
ItemUserMean,2,1,MI-10.ByUser,0.0906162675271
ItemUserMean,2,1,MI-20.ByUser,0.139822067826
ItemUserMean,2,1,MI-5-corrected,0.0148250134853
ItemUserMean,2,1,MI-10-corrected,0.0437520366537
ItemUserMean,2,1,NGood,1986035.2
ItemUserMean,2,1,MAE.ByUser,0.489737364861
ItemUserMean,2,1,MI-10-corrected.ByUser,-0.031962954983
ItemUserMean,2,1,MI-2-corrected,-3.6327128077e-07
ItemUserMean,2,1,NRMSE,0.613622660382
ItemUserMean,2,1,MI-50,0.058675336993
ItemUserMean,2,1,MI-20-corrected.ByUser,-0.118956290806
ItemUserMean,2,1,MI-20-corrected,0.0545374238258
ItemUserMean,2,1,MI-10,0.0437553060952
ItemUserMean,2,1,MI-5.ByUser,0.0242413016365
ItemItem,2,5,MI-native-corrected,-3.73735316496e-07
ItemItem,2,5,RMSE.ByUser,0.514408713074
ItemItem,2,5,MI-native,0.0
ItemItem,2,5,NAttempted,1930132.8
ItemItem,2,5,MI-100-corrected,0.0829336675288
ItemItem,2,5,MI-50.ByUser,0.251596484391
ItemItem,2,5,MI-2.ByUser,0.0
ItemItem,2,5,NRMSE.ByUser,0.514408713074
ItemItem,2,5,NMAE,0.40423768289
ItemItem,2,5,MI-20,0.0796007886819
ItemItem,2,5,MAE,0.40423768289
ItemItem,2,5,MI-native.ByUser,0.0
ItemItem,2,5,NMAE.ByUser,0.404541001194
ItemItem,2,5,RMSE.ByRating,0.520635263394
ItemItem,2,5,NUsers,13975.6
ItemItem,2,5,MI-50-corrected,0.0825135243721
ItemItem,2,5,TestTime,19766.0
ItemItem,2,5,MI-2-corrected.ByUser,-0.0155720490506
ItemItem,2,5,nDCG,0.961728507673
ItemItem,2,5,MI-100.ByUser,0.349465484904
ItemItem,2,5,MI-5-corrected.ByUser,-0.0033223624861
ItemItem,2,5,MI-100,0.0829706673251
ItemItem,2,5,MI-2,0.0
ItemItem,2,5,MI-5,0.0603284459922
ItemItem,2,5,Coverage,1.0
ItemItem,2,5,MI-100-corrected.ByUser,-1.1921673711
ItemItem,2,5,BuildTime,617323.0
ItemItem,2,5,MI-50-corrected.ByUser,-0.511433919087
ItemItem,2,5,MI-10.ByUser,0.0974952698211
ItemItem,2,5,MI-20.ByUser,0.153554485451
ItemItem,2,5,MI-5-corrected,0.060326951051
ItemItem,2,5,MI-10-corrected,0.0709532345389
ItemItem,2,5,NGood,1930132.8
ItemItem,2,5,MAE.ByUser,0.404541001194
ItemItem,2,5,MI-10-corrected.ByUser,-0.0426531716339
ItemItem,2,5,MI-2-corrected,-3.73735316496e-07
ItemItem,2,5,NRMSE,0.520635263394
ItemItem,2,5,MI-50,0.0825318374026
ItemItem,2,5,MI-20-corrected.ByUser,-0.142314446509
ItemItem,2,5,MI-20-corrected,0.0795936877109
ItemItem,2,5,MI-10,0.0709565981567
ItemItem,2,5,MI-5.ByUser,0.0589658337161
ItemUserMean,2,5,MI-native-corrected,-3.73735316496e-07
ItemUserMean,2,5,RMSE.ByUser,0.47193207129
ItemUserMean,2,5,MI-native,0.0
ItemUserMean,2,5,NAttempted,1930132.8
ItemUserMean,2,5,MI-100-corrected,0.103108361446
ItemUserMean,2,5,MI-50.ByUser,0.219997616117
ItemUserMean,2,5,MI-2.ByUser,0.0
ItemUserMean,2,5,NRMSE.ByUser,0.47193207129
ItemUserMean,2,5,NMAE,0.403033926387
ItemUserMean,2,5,MI-20,0.0978865689087
ItemUserMean,2,5,MAE,0.403033926387
ItemUserMean,2,5,MI-native.ByUser,0.0
ItemUserMean,2,5,NMAE.ByUser,0.404651223459
ItemUserMean,2,5,RMSE.ByRating,0.478930743548
ItemUserMean,2,5,NUsers,13975.6
ItemUserMean,2,5,MI-50-corrected,0.102524883018
ItemUserMean,2,5,TestTime,44244.8
ItemUserMean,2,5,MI-2-corrected.ByUser,-0.0155720490506
ItemUserMean,2,5,nDCG,0.968122648479
ItemUserMean,2,5,MI-100.ByUser,0.299182722437
ItemUserMean,2,5,MI-5-corrected.ByUser,0.00215160538152
ItemUserMean,2,5,MI-100,0.103145361242
ItemUserMean,2,5,MI-2,0.0
ItemUserMean,2,5,MI-5,0.0700913453189
ItemUserMean,2,5,Coverage,1.0
ItemUserMean,2,5,MI-100-corrected.ByUser,-1.24245013357
ItemUserMean,2,5,BuildTime,109297.8
ItemUserMean,2,5,MI-50-corrected.ByUser,-0.543032787361
ItemUserMean,2,5,MI-10.ByUser,0.0929305528759
ItemUserMean,2,5,MI-20.ByUser,0.143358242913
ItemUserMean,2,5,MI-5-corrected,0.0700898503777
ItemUserMean,2,5,MI-10-corrected,0.0846304367346
ItemUserMean,2,5,NGood,1930132.8
ItemUserMean,2,5,MAE.ByUser,0.404651223459
ItemUserMean,2,5,MI-10-corrected.ByUser,-0.0472178885792
ItemUserMean,2,5,MI-2-corrected,-3.73735316496e-07
ItemUserMean,2,5,NRMSE,0.478930743548
ItemUserMean,2,5,MI-50,0.102543196048
ItemUserMean,2,5,MI-20-corrected.ByUser,-0.152510689048
ItemUserMean,2,5,MI-20-corrected,0.0978794679377
ItemUserMean,2,5,MI-10,0.0846338003524
ItemUserMean,2,5,MI-5.ByUser,0.0644398015838
ItemItem,5,30,MI-native-corrected,0.187950160651
ItemItem,5,30,RMSE.ByUser,0.9212018734
ItemItem,5,30,MI-native,0.187957394665
ItemItem,5,30,NAttempted,1595640.6
ItemItem,5,30,MI-100-corrected,0.215391458954
ItemItem,5,30,MI-50.ByUser,0.776867342748
ItemItem,5,30,MI-2.ByUser,0.122186030628
ItemItem,5,30,NRMSE.ByUser,0.23030046835
ItemItem,5,30,NMAE,0.188560814711
ItemItem,5,30,MI-20,0.213496505944
ItemItem,5,30,MAE,0.754243258843
ItemItem,5,30,MI-native.ByUser,0.253416298422
ItemItem,5,30,NMAE.ByUser,0.18440549616
ItemItem,5,30,RMSE.ByRating,0.978691634582
ItemItem,5,30,NUsers,11314.0
ItemItem,5,30,MI-50-corrected,0.215142889591
ItemItem,5,30,TestTime,21752.6
ItemItem,5,30,MI-2-corrected.ByUser,-0.053873783786
ItemItem,5,30,nDCG,0.955302287851
ItemItem,5,30,MI-100.ByUser,0.975788718678
ItemItem,5,30,MI-5-corrected.ByUser,-0.450822959233
ItemItem,5,30,MI-100,0.215570500811
ItemItem,5,30,MI-2,0.124949721231
ItemItem,5,30,MI-5,0.187957394665
ItemItem,5,30,Coverage,1.0
ItemItem,5,30,MI-100-corrected.ByUser,-16.4541329083
ItemItem,5,30,BuildTime,533242.4
ItemItem,5,30,MI-50-corrected.ByUser,-7.85006356352
ItemItem,5,30,MI-10.ByUser,0.380355603208
ItemItem,5,30,MI-20.ByUser,0.533782581342
ItemItem,5,30,MI-5-corrected,0.187950160651
ItemItem,5,30,MI-10-corrected,0.207619922119
ItemItem,5,30,NGood,1595640.6
ItemItem,5,30,MAE.ByUser,0.737621984641
ItemItem,5,30,MI-10-corrected.ByUser,-1.20418272651
ItemItem,5,30,MI-2-corrected,0.124947912727
ItemItem,5,30,NRMSE,0.244672908645
ItemItem,5,30,MI-50,0.215231506268
ItemItem,5,30,MI-20-corrected.ByUser,-2.81135389252
ItemItem,5,30,MI-20-corrected,0.213462144375
ItemItem,5,30,MI-10,0.207636198652
ItemItem,5,30,MI-5.ByUser,0.253416298422
ItemUserMean,5,30,MI-native-corrected,0.185088413819
ItemUserMean,5,30,RMSE.ByUser,0.88985580805
ItemUserMean,5,30,MI-native,0.185095647833
ItemUserMean,5,30,NAttempted,1595640.6
ItemUserMean,5,30,MI-100-corrected,0.23087752217
ItemUserMean,5,30,MI-50.ByUser,0.671337578162
ItemUserMean,5,30,MI-2.ByUser,0.105775442922
ItemUserMean,5,30,NRMSE.ByUser,0.222463952012
ItemUserMean,5,30,NMAE,0.178522967316
ItemUserMean,5,30,MI-20,0.227377296204
ItemUserMean,5,30,MAE,0.714091869263
ItemUserMean,5,30,MI-native.ByUser,0.195509120271
ItemUserMean,5,30,NMAE.ByUser,0.18201468186
ItemUserMean,5,30,RMSE.ByRating,0.911603317157
ItemUserMean,5,30,NUsers,11314.0
ItemUserMean,5,30,MI-50-corrected,0.230437159877
ItemUserMean,5,30,TestTime,47344.2
ItemUserMean,5,30,MI-2-corrected.ByUser,-0.0702843714914
ItemUserMean,5,30,nDCG,0.956388394845
ItemUserMean,5,30,MI-100.ByUser,0.865296790013
ItemUserMean,5,30,MI-5-corrected.ByUser,-0.508730137383
ItemUserMean,5,30,MI-100,0.231056564028
ItemUserMean,5,30,MI-2,0.125880918381
ItemUserMean,5,30,MI-5,0.185095647833
ItemUserMean,5,30,Coverage,1.0
ItemUserMean,5,30,MI-100-corrected.ByUser,-16.5646248369
ItemUserMean,5,30,BuildTime,25105.0
ItemUserMean,5,30,MI-50-corrected.ByUser,-7.9555933281
ItemUserMean,5,30,MI-10.ByUser,0.31173111785
ItemUserMean,5,30,MI-20.ByUser,0.447830227795
ItemUserMean,5,30,MI-5-corrected,0.185088413819
ItemUserMean,5,30,MI-10-corrected,0.217297464816
ItemUserMean,5,30,NGood,1595640.6
ItemUserMean,5,30,MAE.ByUser,0.728058727439
ItemUserMean,5,30,MI-10-corrected.ByUser,-1.27280721187
ItemUserMean,5,30,MI-2-corrected,0.125879109877
ItemUserMean,5,30,NRMSE,0.227900829289
ItemUserMean,5,30,MI-50,0.230525776554
ItemUserMean,5,30,MI-20-corrected.ByUser,-2.89730624606
ItemUserMean,5,30,MI-20-corrected,0.227342934635
ItemUserMean,5,30,MI-10,0.217313741348
ItemUserMean,5,30,MI-5.ByUser,0.195509120271
ItemItem,2,50,MI-native-corrected,-5.16148965408e-07
ItemItem,2,50,RMSE.ByUser,0.432822195785
ItemItem,2,50,MI-native,0.0
ItemItem,2,50,NAttempted,1397730.6
ItemItem,2,50,MI-100-corrected,0.151015627783
ItemItem,2,50,MI-50.ByUser,0.237427069676
ItemItem,2,50,MI-2.ByUser,0.0
ItemItem,2,50,NRMSE.ByUser,0.432822195785
ItemItem,2,50,NMAE,0.359206292162
ItemItem,2,50,MI-20,0.14510329165
ItemItem,2,50,MAE,0.359206292162
ItemItem,2,50,MI-native.ByUser,0.0
ItemItem,2,50,NMAE.ByUser,0.346420863706
ItemItem,2,50,RMSE.ByRating,0.461715969203
ItemItem,2,50,NUsers,8594.2
ItemItem,2,50,MI-50-corrected,0.150166521514
ItemItem,2,50,TestTime,22066.8
ItemItem,2,50,MI-2-corrected.ByUser,-0.0369138379305
ItemItem,2,50,nDCG,0.966824468038
ItemItem,2,50,MI-100.ByUser,0.313851425428
ItemItem,2,50,MI-5-corrected.ByUser,-0.0624612842086
ItemItem,2,50,MI-100,0.15106672653
ItemItem,2,50,MI-2,0.0
ItemItem,2,50,MI-5,0.112622459067
ItemItem,2,50,Coverage,1.0
ItemItem,2,50,MI-100-corrected.ByUser,-3.34061852969
ItemItem,2,50,BuildTime,657841.0
ItemItem,2,50,MI-50-corrected.ByUser,-1.57135098892
ItemItem,2,50,MI-10.ByUser,0.114761821609
ItemItem,2,50,MI-20.ByUser,0.160507390053
ItemItem,2,50,MI-5-corrected,0.112620394471
ItemItem,2,50,MI-10-corrected,0.130939147481
ItemItem,2,50,NGood,1397730.6
ItemItem,2,50,MAE.ByUser,0.346420863706
ItemItem,2,50,MI-10-corrected.ByUser,-0.217462719765
ItemItem,2,50,MI-2-corrected,-5.16148965408e-07
ItemItem,2,50,NRMSE,0.461715969203
ItemItem,2,50,MI-50,0.150191812813
ItemItem,2,50,MI-20-corrected.ByUser,-0.540855530626
ItemItem,2,50,MI-20-corrected,0.145093484819
ItemItem,2,50,MI-10,0.130943792821
ItemItem,2,50,MI-5.ByUser,0.0851940675135
ItemUserMean,2,50,MI-native-corrected,-5.16148965408e-07
ItemUserMean,2,50,RMSE.ByUser,0.423713660653
ItemUserMean,2,50,MI-native,0.0
ItemUserMean,2,50,NAttempted,1397730.6
ItemUserMean,2,50,MI-100-corrected,0.176199604017
ItemUserMean,2,50,MI-50.ByUser,0.203931134311
ItemUserMean,2,50,MI-2.ByUser,0.0
ItemUserMean,2,50,NRMSE.ByUser,0.423713660653
ItemUserMean,2,50,NMAE,0.375392659482
ItemUserMean,2,50,MI-20,0.162888167074
ItemUserMean,2,50,MAE,0.375392659482
ItemUserMean,2,50,MI-native.ByUser,0.0
ItemUserMean,2,50,NMAE.ByUser,0.370060219859
ItemUserMean,2,50,RMSE.ByRating,0.436365706311
ItemUserMean,2,50,NUsers,8594.2
ItemUserMean,2,50,MI-50-corrected,0.174502315239
ItemUserMean,2,50,TestTime,35807.0
ItemUserMean,2,50,MI-2-corrected.ByUser,-0.0369138379305
ItemUserMean,2,50,nDCG,0.968743864795
ItemUserMean,2,50,MI-100.ByUser,0.268544834719
ItemUserMean,2,50,MI-5-corrected.ByUser,-0.0696985187777
ItemUserMean,2,50,MI-100,0.176250702764
ItemUserMean,2,50,MI-2,0.0
ItemUserMean,2,50,MI-5,0.122957390885
ItemUserMean,2,50,Coverage,1.0
ItemUserMean,2,50,MI-100-corrected.ByUser,-3.3859251204
ItemUserMean,2,50,BuildTime,141116.8
ItemUserMean,2,50,MI-50-corrected.ByUser,-1.60484692428
ItemUserMean,2,50,MI-10.ByUser,0.0872872513455
ItemUserMean,2,50,MI-20.ByUser,0.136676410426
ItemUserMean,2,50,MI-5-corrected,0.122955326289
ItemUserMean,2,50,MI-10-corrected,0.13101407394
ItemUserMean,2,50,NGood,1397730.6
ItemUserMean,2,50,MAE.ByUser,0.370060219859
ItemUserMean,2,50,MI-10-corrected.ByUser,-0.244937290029
ItemUserMean,2,50,MI-2-corrected,-5.16148965408e-07
ItemUserMean,2,50,NRMSE,0.436365706311
ItemUserMean,2,50,MI-50,0.174527606539
ItemUserMean,2,50,MI-20-corrected.ByUser,-0.564686510253
ItemUserMean,2,50,MI-20-corrected,0.162878360244
ItemUserMean,2,50,MI-10,0.131018719281
ItemUserMean,2,50,MI-5.ByUser,0.0779568329444
ItemItem,5,40,MI-native-corrected,0.200339068529
ItemItem,5,40,RMSE.ByUser,0.902625305925
ItemItem,5,40,MI-native,0.200346816931
ItemItem,5,40,NAttempted,1489930.4
ItemItem,5,40,MI-100-corrected,0.231244531382
ItemItem,5,40,MI-50.ByUser,0.756037553221
ItemItem,5,40,MI-2.ByUser,0.122092430296
ItemItem,5,40,NRMSE.ByUser,0.225656326481
ItemItem,5,40,NMAE,0.184714612505
ItemItem,5,40,MI-20,0.22902584349
ItemItem,5,40,MAE,0.738858450021
ItemItem,5,40,MI-native.ByUser,0.248660239826
ItemItem,5,40,NMAE.ByUser,0.180310015911
ItemItem,5,40,RMSE.ByRating,0.9595506362
ItemItem,5,40,NUsers,9764.6
ItemItem,5,40,MI-50-corrected,0.230993789061
ItemItem,5,40,TestTime,22318.2
ItemItem,5,40,MI-2-corrected.ByUser,-0.0345357712128
ItemItem,5,40,nDCG,0.955878188975
ItemItem,5,40,MI-100.ByUser,0.955054343501
ItemItem,5,40,MI-5-corrected.ByUser,-0.377852566208
ItemItem,5,40,MI-100,0.231436304324
ItemItem,5,40,MI-2,0.132500447713
ItemItem,5,40,MI-5,0.200346816931
ItemItem,5,40,Coverage,1.0
ItemItem,5,40,MI-100-corrected.ByUser,-14.5511376058
ItemItem,5,40,BuildTime,507064.2
ItemItem,5,40,MI-50-corrected.ByUser,-6.9187443207
ItemItem,5,40,MI-10.ByUser,0.370658044868
ItemItem,5,40,MI-20.ByUser,0.518095055334
ItemItem,5,40,MI-5-corrected,0.200339068529
ItemItem,5,40,MI-10-corrected,0.222562722716
ItemItem,5,40,NGood,1489930.4
ItemItem,5,40,MAE.ByUser,0.721240063644
ItemItem,5,40,MI-10-corrected.ByUser,-1.03899576871
ItemItem,5,40,MI-2-corrected,0.132498510613
ItemItem,5,40,NRMSE,0.23988765905
ItemItem,5,40,MI-50,0.231088706982
ItemItem,5,40,MI-20-corrected.ByUser,-2.45784077333
ItemItem,5,40,MI-20-corrected,0.228989038582
ItemItem,5,40,MI-10,0.22258015662
ItemItem,5,40,MI-5.ByUser,0.248660239826
ItemUserMean,5,40,MI-native-corrected,0.191107633558
ItemUserMean,5,40,RMSE.ByUser,0.881369422685
ItemUserMean,5,40,MI-native,0.19111538196
ItemUserMean,5,40,NAttempted,1489930.4
ItemUserMean,5,40,MI-100-corrected,0.239764005745
ItemUserMean,5,40,MI-50.ByUser,0.65043522428
ItemUserMean,5,40,MI-2.ByUser,0.103487811181
ItemUserMean,5,40,NRMSE.ByUser,0.220342355671
ItemUserMean,5,40,NMAE,0.17679435424
ItemUserMean,5,40,MI-20,0.236150023268
ItemUserMean,5,40,MAE,0.70717741696
ItemUserMean,5,40,MI-native.ByUser,0.189685361669
ItemUserMean,5,40,NMAE.ByUser,0.179758396655
ItemUserMean,5,40,RMSE.ByRating,0.903889098488
ItemUserMean,5,40,NUsers,9764.6
ItemUserMean,5,40,MI-50-corrected,0.239311843336
ItemUserMean,5,40,TestTime,34482.6
ItemUserMean,5,40,MI-2-corrected.ByUser,-0.0531403903276
ItemUserMean,5,40,nDCG,0.956032199732
ItemUserMean,5,40,MI-100.ByUser,0.844500290343
ItemUserMean,5,40,MI-5-corrected.ByUser,-0.436827444365
ItemUserMean,5,40,MI-100,0.239955778688
ItemUserMean,5,40,MI-2,0.129471813594
ItemUserMean,5,40,MI-5,0.19111538196
ItemUserMean,5,40,Coverage,1.0
ItemUserMean,5,40,MI-100-corrected.ByUser,-14.661691659
ItemUserMean,5,40,BuildTime,15712.4
ItemUserMean,5,40,MI-50-corrected.ByUser,-7.02434664964
ItemUserMean,5,40,MI-10.ByUser,0.301799438198
ItemUserMean,5,40,MI-20.ByUser,0.432153931902
ItemUserMean,5,40,MI-5-corrected,0.191107633558
ItemUserMean,5,40,MI-10-corrected,0.225393551017
ItemUserMean,5,40,NGood,1489930.4
ItemUserMean,5,40,MAE.ByUser,0.719033586622
ItemUserMean,5,40,MI-10-corrected.ByUser,-1.10785437538
ItemUserMean,5,40,MI-2-corrected,0.129469876494
ItemUserMean,5,40,NRMSE,0.225972274622
ItemUserMean,5,40,MI-50,0.239406761257
ItemUserMean,5,40,MI-20-corrected.ByUser,-2.54378189676
ItemUserMean,5,40,MI-20-corrected,0.23611321836
ItemUserMean,5,40,MI-10,0.225410984921
ItemUserMean,5,40,MI-5.ByUser,0.189685361669
ItemItem,5,4,MI-native-corrected,0.117151240604
ItemItem,5,4,RMSE.ByUser,1.07562397609
ItemItem,5,4,MI-native,0.117157177864
ItemItem,5,4,NAttempted,1944108.4
ItemItem,5,4,MI-100-corrected,0.131272760159
ItemItem,5,4,MI-50.ByUser,0.792694389382
ItemItem,5,4,MI-2.ByUser,0.102837057426
ItemItem,5,4,NRMSE.ByUser,0.268905994023
ItemItem,5,4,NMAE,0.213942890161
ItemItem,5,4,MI-20,0.130291202248
ItemItem,5,4,MAE,0.855771560645
ItemItem,5,4,MI-native.ByUser,0.223629597065
ItemItem,5,4,NMAE.ByUser,0.218541108483
ItemItem,5,4,RMSE.ByRating,1.09395579489
ItemItem,5,4,NUsers,13975.6
ItemItem,5,4,MI-50-corrected,0.131130290169
ItemItem,5,4,TestTime,19985.2
ItemItem,5,4,MI-2-corrected.ByUser,0.0427558619477
ItemItem,5,4,nDCG,0.949721179877
ItemItem,5,4,MI-100.ByUser,1.01877443771
ItemItem,5,4,MI-5-corrected.ByUser,-0.0166951848495
ItemItem,5,4,MI-100,0.13141970736
ItemItem,5,4,MI-2,0.0785951918574
ItemItem,5,4,MI-5,0.117157177864
ItemItem,5,4,Coverage,1.0
ItemItem,5,4,MI-100-corrected.ByUser,-4.92926391468
ItemItem,5,4,BuildTime,502916.8
ItemItem,5,4,MI-50-corrected.ByUser,-2.15128418907
ItemItem,5,4,MI-10.ByUser,0.351645800841
ItemItem,5,4,MI-20.ByUser,0.517766962856
ItemItem,5,4,MI-5-corrected,0.117151240604
ItemItem,5,4,MI-10-corrected,0.127284843108
ItemItem,5,4,NGood,1944108.4
ItemItem,5,4,MAE.ByUser,0.874164433933
ItemItem,5,4,MI-10-corrected.ByUser,-0.189084958467
ItemItem,5,4,MI-2-corrected,0.0785937075423
ItemItem,5,4,NRMSE,0.273488948722
ItemItem,5,4,MI-50,0.131203021611
ItemItem,5,4,MI-20-corrected.ByUser,-0.623775751239
ItemItem,5,4,MI-20-corrected,0.13026300026
ItemItem,5,4,MI-10,0.127298201945
ItemItem,5,4,MI-5.ByUser,0.223629597065
ItemUserMean,5,4,MI-native-corrected,0.120060500652
ItemUserMean,5,4,RMSE.ByUser,1.01884435064
ItemUserMean,5,4,MI-native,0.120066437913
ItemUserMean,5,4,NAttempted,1944108.4
ItemUserMean,5,4,MI-100-corrected,0.138931257773
ItemUserMean,5,4,MI-50.ByUser,0.714138796752
ItemUserMean,5,4,MI-2.ByUser,0.098592678397
ItemUserMean,5,4,NRMSE.ByUser,0.25471108766
ItemUserMean,5,4,NMAE,0.205023087761
ItemUserMean,5,4,MI-20,0.137662992919
ItemUserMean,5,4,MAE,0.820092351045
ItemUserMean,5,4,MI-native.ByUser,0.198467180759
ItemUserMean,5,4,NMAE.ByUser,0.209774251763
ItemUserMean,5,4,RMSE.ByRating,1.04037181992
ItemUserMean,5,4,NUsers,13975.6
ItemUserMean,5,4,MI-50-corrected,0.138778604552
ItemUserMean,5,4,TestTime,41498.4
ItemUserMean,5,4,MI-2-corrected.ByUser,0.0385114829184
ItemUserMean,5,4,nDCG,0.954165705886
ItemUserMean,5,4,MI-100.ByUser,0.936115064186
ItemUserMean,5,4,MI-5-corrected.ByUser,-0.0418576011557
ItemUserMean,5,4,MI-100,0.139078204973
ItemUserMean,5,4,MI-2,0.082143121848
ItemUserMean,5,4,MI-5,0.120066437913
ItemUserMean,5,4,Coverage,1.0
ItemUserMean,5,4,MI-100-corrected.ByUser,-5.0119232882
ItemUserMean,5,4,BuildTime,30719.2
ItemUserMean,5,4,MI-50-corrected.ByUser,-2.2298397817
ItemUserMean,5,4,MI-10.ByUser,0.31636108264
ItemUserMean,5,4,MI-20.ByUser,0.461342971431
ItemUserMean,5,4,MI-5-corrected,0.120060500652
ItemUserMean,5,4,MI-10-corrected,0.133711100564
ItemUserMean,5,4,NGood,1944108.4
ItemUserMean,5,4,MAE.ByUser,0.839097007051
ItemUserMean,5,4,MI-10-corrected.ByUser,-0.224369676668
ItemUserMean,5,4,MI-2-corrected,0.0821416375329
ItemUserMean,5,4,NRMSE,0.26009295498
ItemUserMean,5,4,MI-50,0.138851335994
ItemUserMean,5,4,MI-20-corrected.ByUser,-0.680199742663
ItemUserMean,5,4,MI-20-corrected,0.137634790931
ItemUserMean,5,4,MI-10,0.1337244594
ItemUserMean,5,4,MI-5.ByUser,0.198467180759
ItemItem,5,3,MI-native-corrected,0.106274623716
ItemItem,5,3,RMSE.ByUser,1.09622536221
ItemItem,5,3,MI-native,0.106280518838
ItemItem,5,3,NAttempted,1958084.0
ItemItem,5,3,MI-100-corrected,0.118500075603
ItemItem,5,3,MI-50.ByUser,0.769993707023
ItemItem,5,3,MI-2.ByUser,0.0966409477801
ItemItem,5,3,NRMSE.ByUser,0.274056340553
ItemItem,5,3,NMAE,0.219019650955
ItemItem,5,3,MI-20,0.117630761831
ItemItem,5,3,MAE,0.87607860382
ItemItem,5,3,MI-native.ByUser,0.214145210064
ItemItem,5,3,NMAE.ByUser,0.223951182436
ItemItem,5,3,RMSE.ByRating,1.11828659967
ItemItem,5,3,NUsers,13975.6
ItemItem,5,3,MI-50-corrected,0.118361532409
ItemItem,5,3,TestTime,18256.2
ItemItem,5,3,MI-2-corrected.ByUser,0.0385811212835
ItemItem,5,3,nDCG,0.950264614604
ItemItem,5,3,MI-100.ByUser,0.996281453433
ItemItem,5,3,MI-5-corrected.ByUser,-0.0180940959229
ItemItem,5,3,MI-100,0.118645979871
ItemItem,5,3,MI-2,0.069600470869
ItemItem,5,3,MI-5,0.106280518838
ItemItem,5,3,Coverage,1.0
ItemItem,5,3,MI-100-corrected.ByUser,-4.75164136973
ItemItem,5,3,BuildTime,529905.4
ItemItem,5,3,MI-50-corrected.ByUser,-2.07493779131
ItemItem,5,3,MI-10.ByUser,0.33943999482
ItemItem,5,3,MI-20.ByUser,0.499675252272
ItemItem,5,3,MI-5-corrected,0.106274623716
ItemItem,5,3,MI-10-corrected,0.114997551203
ItemItem,5,3,NGood,1958084.0
ItemItem,5,3,MAE.ByUser,0.895804729744
ItemItem,5,3,MI-10-corrected.ByUser,-0.183098443649
ItemItem,5,3,MI-2-corrected,0.0695989970885
ItemItem,5,3,NRMSE,0.279571649918
ItemItem,5,3,MI-50,0.118433747653
ItemItem,5,3,MI-20-corrected.ByUser,-0.603461451164
ItemItem,5,3,MI-20-corrected,0.117602760002
ItemItem,5,3,MI-10,0.115010815227
ItemItem,5,3,MI-5.ByUser,0.214145210064
ItemUserMean,5,3,MI-native-corrected,0.107473812549
ItemUserMean,5,3,RMSE.ByUser,1.05031277472
ItemUserMean,5,3,MI-native,0.107479707671
ItemUserMean,5,3,NAttempted,1958084.0
ItemUserMean,5,3,MI-100-corrected,0.122339815324
ItemUserMean,5,3,MI-50.ByUser,0.708200899776
ItemUserMean,5,3,MI-2.ByUser,0.0933079115546
ItemUserMean,5,3,NRMSE.ByUser,0.262578193681
ItemUserMean,5,3,NMAE,0.21211659738
ItemUserMean,5,3,MI-20,0.121311584226
ItemUserMean,5,3,MAE,0.84846638952
ItemUserMean,5,3,MI-native.ByUser,0.196314747458
ItemUserMean,5,3,NMAE.ByUser,0.216805031324
ItemUserMean,5,3,RMSE.ByRating,1.07771987645
ItemUserMean,5,3,NUsers,13975.6
ItemUserMean,5,3,MI-50-corrected,0.122201716194
ItemUserMean,5,3,TestTime,57974.2
ItemUserMean,5,3,MI-2-corrected.ByUser,0.035248085058
ItemUserMean,5,3,nDCG,0.95402116014
ItemUserMean,5,3,MI-100.ByUser,0.930695906082
ItemUserMean,5,3,MI-5-corrected.ByUser,-0.0359245585288
ItemUserMean,5,3,MI-100,0.122485719592
ItemUserMean,5,3,MI-2,0.0720778475743
ItemUserMean,5,3,MI-5,0.107479707671
ItemUserMean,5,3,Coverage,1.0
ItemUserMean,5,3,MI-100-corrected.ByUser,-4.81722691708
ItemUserMean,5,3,BuildTime,17243.2
ItemUserMean,5,3,MI-50-corrected.ByUser,-2.13673059856
ItemUserMean,5,3,MI-10.ByUser,0.313388048617
ItemUserMean,5,3,MI-20.ByUser,0.456686888731
ItemUserMean,5,3,MI-5-corrected,0.107473812549
ItemUserMean,5,3,MI-10-corrected,0.118207531724
ItemUserMean,5,3,NGood,1958084.0
ItemUserMean,5,3,MAE.ByUser,0.867220125296
ItemUserMean,5,3,MI-10-corrected.ByUser,-0.209150389853
ItemUserMean,5,3,MI-2-corrected,0.0720763737938
ItemUserMean,5,3,NRMSE,0.269429969112
ItemUserMean,5,3,MI-50,0.122273931438
ItemUserMean,5,3,MI-20-corrected.ByUser,-0.646449814704
ItemUserMean,5,3,MI-20-corrected,0.121283582397
ItemUserMean,5,3,MI-10,0.118220795749
ItemUserMean,5,3,MI-5.ByUser,0.196314747458
ItemItem,5,1,MI-native-corrected,0.0638621005818
ItemItem,5,1,RMSE.ByUser,1.20441461944
ItemItem,5,1,MI-native,0.0638679139129
ItemItem,5,1,NAttempted,1986035.2
ItemItem,5,1,MI-100-corrected,0.0700846120827
ItemItem,5,1,MI-50.ByUser,0.679453555869
ItemItem,5,1,MI-2.ByUser,0.073633916085
ItemItem,5,1,NRMSE.ByUser,0.301103654861
ItemItem,5,1,NMAE,0.249407339152
ItemItem,5,1,MI-20,0.0694482357915
ItemItem,5,1,MAE,0.997629356609
ItemItem,5,1,MI-native.ByUser,0.185497640168
ItemItem,5,1,NMAE.ByUser,0.252646537881
ItemItem,5,1,RMSE.ByRating,1.27221302481
ItemItem,5,1,NUsers,13975.6
ItemItem,5,1,MI-50-corrected,0.0700297343406
ItemItem,5,1,TestTime,16637.2
ItemItem,5,1,MI-2-corrected.ByUser,0.0191542710387
ItemItem,5,1,nDCG,0.953605302525
ItemItem,5,1,MI-100.ByUser,0.900911232634
ItemItem,5,1,MI-5-corrected.ByUser,-0.0324209400176
ItemItem,5,1,MI-100,0.0702284920279
ItemItem,5,1,MI-2,0.0405755742213
ItemItem,5,1,MI-5,0.0638679139129
ItemItem,5,1,Coverage,1.0
ItemItem,5,1,MI-100-corrected.ByUser,-4.49257362695
ItemItem,5,1,BuildTime,518640.2
ItemItem,5,1,MI-50-corrected.ByUser,-1.9900490514
ItemItem,5,1,MI-10.ByUser,0.300884488719
ItemItem,5,1,MI-20.ByUser,0.437779199058
ItemItem,5,1,MI-5-corrected,0.0638621005818
ItemItem,5,1,MI-10-corrected,0.0681723893843
ItemItem,5,1,NGood,1986035.2
ItemItem,5,1,MAE.ByUser,1.01058615152
ItemItem,5,1,MI-10-corrected.ByUser,-0.189432316698
ItemItem,5,1,MI-2-corrected,0.0405741208885
ItemItem,5,1,NRMSE,0.318053256203
ItemItem,5,1,MI-50,0.0701009476468
ItemItem,5,1,MI-20-corrected.ByUser,-0.597334056822
ItemItem,5,1,MI-20-corrected,0.0694206224687
ItemItem,5,1,MI-10,0.0681854693794
ItemItem,5,1,MI-5.ByUser,0.185497640168
ItemUserMean,5,1,MI-native-corrected,0.0634976059798
ItemUserMean,5,1,RMSE.ByUser,1.20496162319
ItemUserMean,5,1,MI-native,0.0635034193109
ItemUserMean,5,1,NAttempted,1986035.2
ItemUserMean,5,1,MI-100-corrected,0.0696422453897
ItemUserMean,5,1,MI-50.ByUser,0.679368617099
ItemUserMean,5,1,MI-2.ByUser,0.0736885879279
ItemUserMean,5,1,NRMSE.ByUser,0.301240405798
ItemUserMean,5,1,NMAE,0.249678755494
ItemUserMean,5,1,MI-20,0.0690198637461
ItemUserMean,5,1,MAE,0.998715021976
ItemUserMean,5,1,MI-native.ByUser,0.185569918712
ItemUserMean,5,1,NMAE.ByUser,0.252777541358
ItemUserMean,5,1,RMSE.ByRating,1.27361176018
ItemUserMean,5,1,NUsers,13975.6
ItemUserMean,5,1,MI-50-corrected,0.0695925744108
ItemUserMean,5,1,TestTime,51124.2
ItemUserMean,5,1,MI-2-corrected.ByUser,0.0192089428815
ItemUserMean,5,1,nDCG,0.953605302525
ItemUserMean,5,1,MI-100.ByUser,0.900707998312
ItemUserMean,5,1,MI-5-corrected.ByUser,-0.0323486614732
ItemUserMean,5,1,MI-100,0.069786125335
ItemUserMean,5,1,MI-2,0.0403495078379
ItemUserMean,5,1,MI-5,0.0635034193109
ItemUserMean,5,1,Coverage,1.0
ItemUserMean,5,1,MI-100-corrected.ByUser,-4.49277686128
ItemUserMean,5,1,BuildTime,16783.4
ItemUserMean,5,1,MI-50-corrected.ByUser,-1.99013399017
ItemUserMean,5,1,MI-10.ByUser,0.300751889204
ItemUserMean,5,1,MI-20.ByUser,0.437685661366
ItemUserMean,5,1,MI-5-corrected,0.0634976059798
ItemUserMean,5,1,MI-10-corrected,0.0677585181393
ItemUserMean,5,1,NGood,1986035.2
ItemUserMean,5,1,MAE.ByUser,1.01111016543
ItemUserMean,5,1,MI-10-corrected.ByUser,-0.189564916213
ItemUserMean,5,1,MI-2-corrected,0.0403480545051
ItemUserMean,5,1,NRMSE,0.318402940045
ItemUserMean,5,1,MI-50,0.069663787717
ItemUserMean,5,1,MI-20-corrected.ByUser,-0.597427594515
ItemUserMean,5,1,MI-20-corrected,0.0689922504233
ItemUserMean,5,1,MI-10,0.0677715981343
ItemUserMean,5,1,MI-5.ByUser,0.185569918712
ItemItem,2,30,MI-native-corrected,-4.52271000104e-07
ItemItem,2,30,RMSE.ByUser,0.446150672978
ItemItem,2,30,MI-native,0.0
ItemItem,2,30,NAttempted,1595640.6
ItemItem,2,30,MI-100-corrected,0.129619243878
ItemItem,2,30,MI-50.ByUser,0.251900922181
ItemItem,2,30,MI-2.ByUser,0.0
ItemItem,2,30,NRMSE.ByUser,0.446150672978
ItemItem,2,30,NMAE,0.366470856962
ItemItem,2,30,MI-20,0.124777325708
ItemItem,2,30,MAE,0.366470856962
ItemItem,2,30,MI-native.ByUser,0.0
ItemItem,2,30,NMAE.ByUser,0.35352202504
ItemItem,2,30,RMSE.ByRating,0.477005962721
ItemItem,2,30,NUsers,11314.0
ItemItem,2,30,MI-50-corrected,0.1289549552
ItemItem,2,30,TestTime,21940.0
ItemItem,2,30,MI-2-corrected.ByUser,-0.0440108619957
ItemItem,2,30,nDCG,0.964849379525
ItemItem,2,30,MI-100.ByUser,0.334546019909
ItemItem,2,30,MI-5-corrected.ByUser,-0.0936033666812
ItemItem,2,30,MI-100,0.129664018707
ItemItem,2,30,MI-2,0.0
ItemItem,2,30,MI-5,0.0985784637713
ItemItem,2,30,Coverage,1.0
ItemItem,2,30,MI-100-corrected.ByUser,-4.02252931767
ItemItem,2,30,BuildTime,554861.4
ItemItem,2,30,MI-50-corrected.ByUser,-1.90463131561
ItemItem,2,30,MI-10.ByUser,0.114549830294
ItemItem,2,30,MI-20.ByUser,0.165387465877
ItemItem,2,30,MI-5-corrected,0.0985766546873
ItemItem,2,30,MI-10-corrected,0.112966863912
ItemItem,2,30,NGood,1595640.6
ItemItem,2,30,MAE.ByUser,0.35352202504
ItemItem,2,30,MI-10-corrected.ByUser,-0.281547927668
ItemItem,2,30,MI-2-corrected,-4.52271000104e-07
ItemItem,2,30,NRMSE,0.477005962721
ItemItem,2,30,MI-50,0.128977116479
ItemItem,2,30,MI-20-corrected.ByUser,-0.670818912042
ItemItem,2,30,MI-20-corrected,0.124768732559
ItemItem,2,30,MI-10,0.112970934351
ItemItem,2,30,MI-5.ByUser,0.0824400813018
ItemUserMean,2,30,MI-native-corrected,-4.52271000104e-07
ItemUserMean,2,30,RMSE.ByUser,0.426690512352
ItemUserMean,2,30,MI-native,0.0
ItemUserMean,2,30,NAttempted,1595640.6
ItemUserMean,2,30,MI-100-corrected,0.1663131739
ItemUserMean,2,30,MI-50.ByUser,0.217844744874
ItemUserMean,2,30,MI-2.ByUser,0.0
ItemUserMean,2,30,NRMSE.ByUser,0.426690512352
ItemUserMean,2,30,NMAE,0.377534149775
ItemUserMean,2,30,MI-20,0.153966441188
ItemUserMean,2,30,MAE,0.377534149775
ItemUserMean,2,30,MI-native.ByUser,0.0
ItemUserMean,2,30,NMAE.ByUser,0.373363079882
ItemUserMean,2,30,RMSE.ByRating,0.439127553948
ItemUserMean,2,30,NUsers,11314.0
ItemUserMean,2,30,MI-50-corrected,0.164718123784
ItemUserMean,2,30,TestTime,60259.4
ItemUserMean,2,30,MI-2-corrected.ByUser,-0.0440108619957
ItemUserMean,2,30,nDCG,0.968784443932
ItemUserMean,2,30,MI-100.ByUser,0.287465112251
ItemUserMean,2,30,MI-5-corrected.ByUser,-0.0964889492554
ItemUserMean,2,30,MI-100,0.166357948729
ItemUserMean,2,30,MI-2,0.0
ItemUserMean,2,30,MI-5,0.116058884211
ItemUserMean,2,30,Coverage,1.0
ItemUserMean,2,30,MI-100-corrected.ByUser,-4.06961022533
ItemUserMean,2,30,BuildTime,18370.0
ItemUserMean,2,30,MI-50-corrected.ByUser,-1.93868749292
ItemUserMean,2,30,MI-10.ByUser,0.0904103070665
ItemUserMean,2,30,MI-20.ByUser,0.143522680335
ItemUserMean,2,30,MI-5-corrected,0.116057075127
ItemUserMean,2,30,MI-10-corrected,0.124469806114
ItemUserMean,2,30,NGood,1595640.6
ItemUserMean,2,30,MAE.ByUser,0.373363079882
ItemUserMean,2,30,MI-10-corrected.ByUser,-0.305687450895
ItemUserMean,2,30,MI-2-corrected,-4.52271000104e-07
ItemUserMean,2,30,NRMSE,0.439127553948
ItemUserMean,2,30,MI-50,0.164740285063
ItemUserMean,2,30,MI-20-corrected.ByUser,-0.692683697585
ItemUserMean,2,30,MI-20-corrected,0.153957848039
ItemUserMean,2,30,MI-10,0.124473876553
ItemUserMean,2,30,MI-5.ByUser,0.0795544987276
ItemItem,5,5,MI-native-corrected,0.125429681523
ItemItem,5,5,RMSE.ByUser,1.06029149123
ItemItem,5,5,MI-native,0.125435662541
ItemItem,5,5,NAttempted,1930132.8
ItemItem,5,5,MI-100-corrected,0.140939364784
ItemItem,5,5,MI-50.ByUser,0.806987378003
ItemItem,5,5,MI-2.ByUser,0.106837895566
ItemItem,5,5,NRMSE.ByUser,0.265072872808
ItemItem,5,5,NMAE,0.210593130903
ItemItem,5,5,MI-20,0.139917809275
ItemItem,5,5,MAE,0.842372523612
ItemItem,5,5,MI-native.ByUser,0.229327827092
ItemItem,5,5,NMAE.ByUser,0.214619062329
ItemItem,5,5,RMSE.ByRating,1.07823892373
ItemItem,5,5,NUsers,13975.6
ItemItem,5,5,MI-50-corrected,0.140807726082
ItemItem,5,5,TestTime,19902.2
ItemItem,5,5,MI-2-corrected.ByUser,0.044549699027
ItemItem,5,5,nDCG,0.949554860215
ItemItem,5,5,MI-100.ByUser,1.03220187029
ItemItem,5,5,MI-5-corrected.ByUser,-0.0198249590633
ItemItem,5,5,MI-100,0.141087394992
ItemItem,5,5,MI-2,0.0843767233238
ItemItem,5,5,MI-5,0.125435662541
ItemItem,5,5,Coverage,1.0
ItemItem,5,5,MI-100-corrected.ByUser,-5.13432958705
ItemItem,5,5,BuildTime,512530.0
ItemItem,5,5,MI-50-corrected.ByUser,-2.2451342524
ItemItem,5,5,MI-10.ByUser,0.360018794998
ItemItem,5,5,MI-20.ByUser,0.528647259887
ItemItem,5,5,MI-5-corrected,0.125429681523
ItemItem,5,5,MI-10-corrected,0.136677584731
ItemItem,5,5,NGood,1930132.8
ItemItem,5,5,MAE.ByUser,0.858476249318
ItemItem,5,5,MI-10-corrected.ByUser,-0.200574973851
ItemItem,5,5,MI-2-corrected,0.0843752280692
ItemItem,5,5,NRMSE,0.269559730932
ItemItem,5,5,MI-50,0.140880993558
ItemItem,5,5,MI-20-corrected.ByUser,-0.65482847435
ItemItem,5,5,MI-20-corrected,0.139889399437
ItemItem,5,5,MI-10,0.136691042023
ItemItem,5,5,MI-5.ByUser,0.229327827092
ItemUserMean,5,5,MI-native-corrected,0.130443802897
ItemUserMean,5,5,RMSE.ByUser,0.999175744566
ItemUserMean,5,5,MI-native,0.130449783916
ItemUserMean,5,5,NAttempted,1930132.8
ItemUserMean,5,5,MI-100-corrected,0.152609001951
ItemUserMean,5,5,MI-50.ByUser,0.719394154116
ItemUserMean,5,5,MI-2.ByUser,0.101895072592
ItemUserMean,5,5,NRMSE.ByUser,0.249793936141
ItemUserMean,5,5,NMAE,0.200454093881
ItemUserMean,5,5,MI-20,0.151107998668
ItemUserMean,5,5,MAE,0.801816375524
ItemUserMean,5,5,MI-native.ByUser,0.19988949745
ItemUserMean,5,5,NMAE.ByUser,0.205362110623
ItemUserMean,5,5,RMSE.ByRating,1.01650011683
ItemUserMean,5,5,NUsers,13975.6
ItemUserMean,5,5,MI-50-corrected,0.152454877164
ItemUserMean,5,5,TestTime,31457.0
ItemUserMean,5,5,MI-2-corrected.ByUser,0.0396068760528
ItemUserMean,5,5,nDCG,0.954196777288
ItemUserMean,5,5,MI-100.ByUser,0.939999059153
ItemUserMean,5,5,MI-5-corrected.ByUser,-0.0492632887048
ItemUserMean,5,5,MI-100,0.152757032159
ItemUserMean,5,5,MI-2,0.0895358936052
ItemUserMean,5,5,MI-5,0.130449783916
ItemUserMean,5,5,Coverage,1.0
ItemUserMean,5,5,MI-100-corrected.ByUser,-5.22653239819
ItemUserMean,5,5,BuildTime,27714.0
ItemUserMean,5,5,MI-50-corrected.ByUser,-2.33272747628
ItemUserMean,5,5,MI-10.ByUser,0.318915386787
ItemUserMean,5,5,MI-20.ByUser,0.46595149883
ItemUserMean,5,5,MI-5-corrected,0.130443802897
ItemUserMean,5,5,MI-10-corrected,0.146560052167
ItemUserMean,5,5,NGood,1930132.8
ItemUserMean,5,5,MAE.ByUser,0.821448442491
ItemUserMean,5,5,MI-10-corrected.ByUser,-0.241678382062
ItemUserMean,5,5,MI-2-corrected,0.0895343983506
ItemUserMean,5,5,NRMSE,0.254125029208
ItemUserMean,5,5,MI-50,0.15252814464
ItemUserMean,5,5,MI-20-corrected.ByUser,-0.717524235407
ItemUserMean,5,5,MI-20-corrected,0.15107958883
ItemUserMean,5,5,MI-10,0.146573509459
ItemUserMean,5,5,MI-5.ByUser,0.19988949745
ItemItem,2,4,MI-native-corrected,-3.71064068275e-07
ItemItem,2,4,RMSE.ByUser,0.520840554668
ItemItem,2,4,MI-native,0.0
ItemItem,2,4,NAttempted,1944108.4
ItemItem,2,4,MI-100-corrected,0.078195810432
ItemItem,2,4,MI-50.ByUser,0.247291148221
ItemItem,2,4,MI-2.ByUser,0.0
ItemItem,2,4,NRMSE.ByUser,0.520840554668
ItemItem,2,4,NMAE,0.410016590322
ItemItem,2,4,MI-20,0.0750205126442
ItemItem,2,4,MAE,0.410016590322
ItemItem,2,4,MI-native.ByUser,0.0
ItemItem,2,4,NMAE.ByUser,0.411678117282
ItemItem,2,4,RMSE.ByRating,0.525626908024
ItemItem,2,4,NUsers,13975.6
ItemItem,2,4,MI-50-corrected,0.0777105044401
ItemItem,2,4,TestTime,19246.8
ItemItem,2,4,MI-2-corrected.ByUser,-0.0150202959073
ItemItem,2,4,nDCG,0.96219861397
ItemItem,2,4,MI-100.ByUser,0.343904735268
ItemItem,2,4,MI-5-corrected.ByUser,-0.00384154118496
ItemItem,2,4,MI-100,0.0782325457748
ItemItem,2,4,MI-2,0.0
ItemItem,2,4,MI-5,0.0552508678622
ItemItem,2,4,Coverage,1.0
ItemItem,2,4,MI-100-corrected.ByUser,-1.14310455955
ItemItem,2,4,BuildTime,504815.0
ItemItem,2,4,MI-50-corrected.ByUser,-0.488703351237
ItemItem,2,4,MI-10.ByUser,0.0963535580544
ItemItem,2,4,MI-20.ByUser,0.151406662713
ItemItem,2,4,MI-5-corrected,0.055249383606
ItemItem,2,4,MI-10-corrected,0.0668313298763
ItemItem,2,4,NGood,1944108.4
ItemItem,2,4,MAE.ByUser,0.411678117282
ItemItem,2,4,MI-10-corrected.ByUser,-0.0388291051112
ItemItem,2,4,MI-2-corrected,-3.71064068275e-07
ItemItem,2,4,NRMSE,0.525626908024
ItemItem,2,4,MI-50,0.0777286865794
ItemItem,2,4,MI-20-corrected.ByUser,-0.133978959526
ItemItem,2,4,MI-20-corrected,0.0750134624269
ItemItem,2,4,MI-10,0.0668346694529
ItemItem,2,4,MI-5.ByUser,0.0562396424442
ItemUserMean,2,4,MI-native-corrected,-3.71064068275e-07
ItemUserMean,2,4,RMSE.ByUser,0.481440968572
ItemUserMean,2,4,MI-native,0.0
ItemUserMean,2,4,NAttempted,1944108.4
ItemUserMean,2,4,MI-100-corrected,0.0923599590591
ItemUserMean,2,4,MI-50.ByUser,0.217455006871
ItemUserMean,2,4,MI-2.ByUser,0.0
ItemUserMean,2,4,NRMSE.ByUser,0.481440968572
ItemUserMean,2,4,NMAE,0.409084631366
ItemUserMean,2,4,MI-20,0.0881466419451
ItemUserMean,2,4,MAE,0.409084631366
ItemUserMean,2,4,MI-native.ByUser,0.0
ItemUserMean,2,4,NMAE.ByUser,0.411171265696
ItemUserMean,2,4,RMSE.ByRating,0.489298835697
ItemUserMean,2,4,NUsers,13975.6
ItemUserMean,2,4,MI-50-corrected,0.091810620602
ItemUserMean,2,4,TestTime,31482.2
ItemUserMean,2,4,MI-2-corrected.ByUser,-0.0150202959073
ItemUserMean,2,4,nDCG,0.968156805212
ItemUserMean,2,4,MI-100.ByUser,0.297659967797
ItemUserMean,2,4,MI-5-corrected.ByUser,0.000399425052716
ItemUserMean,2,4,MI-100,0.0923966944019
ItemUserMean,2,4,MI-2,0.0
ItemUserMean,2,4,MI-5,0.0621454503018
ItemUserMean,2,4,Coverage,1.0
ItemUserMean,2,4,MI-100-corrected.ByUser,-1.18934932702
ItemUserMean,2,4,BuildTime,28891.0
ItemUserMean,2,4,MI-50-corrected.ByUser,-0.518539492586
ItemUserMean,2,4,MI-10.ByUser,0.0916238309881
ItemUserMean,2,4,MI-20.ByUser,0.143145820824
ItemUserMean,2,4,MI-5-corrected,0.0621439660455
ItemUserMean,2,4,MI-10-corrected,0.0767276508995
ItemUserMean,2,4,NGood,1944108.4
ItemUserMean,2,4,MAE.ByUser,0.411171265696
ItemUserMean,2,4,MI-10-corrected.ByUser,-0.0435588321776
ItemUserMean,2,4,MI-2-corrected,-3.71064068275e-07
ItemUserMean,2,4,NRMSE,0.489298835697
ItemUserMean,2,4,MI-50,0.0918288027414
ItemUserMean,2,4,MI-20-corrected.ByUser,-0.142239801414
ItemUserMean,2,4,MI-20-corrected,0.0881395917278
ItemUserMean,2,4,MI-10,0.0767309904761
ItemUserMean,2,4,MI-5.ByUser,0.0604806086819
ItemItem,2,1000,MI-native-corrected,-5.16147801404e-06
ItemItem,2,1000,RMSE.ByUser,0.412121226928
ItemItem,2,1000,MI-native,0.0
ItemItem,2,1000,NAttempted,139756.0
ItemItem,2,1000,MI-100-corrected,0.200994700253
ItemItem,2,1000,MI-50.ByUser,0.523189960206
ItemItem,2,1000,MI-2.ByUser,0.0
ItemItem,2,1000,NRMSE.ByUser,0.412121226928
ItemItem,2,1000,NMAE,0.333825609294
ItemItem,2,1000,MI-20,0.191555980018
ItemItem,2,1000,MAE,0.333825609294
ItemItem,2,1000,MI-native.ByUser,0.0
ItemItem,2,1000,NMAE.ByUser,0.333825609294
ItemItem,2,1000,RMSE.ByRating,0.42818303322
ItemItem,2,1000,NUsers,13975.6
ItemItem,2,1000,MI-50-corrected,0.199497523083
ItemItem,2,1000,TestTime,20687.4
ItemItem,2,1000,MI-2-corrected.ByUser,-0.0721347520445
ItemItem,2,1000,nDCG,0.962034519965
ItemItem,2,1000,MI-100.ByUser,0.631765982773
ItemItem,2,1000,MI-5-corrected.ByUser,-0.119376740997
ItemItem,2,1000,MI-100,0.201505686577
ItemItem,2,1000,MI-2,0.0
ItemItem,2,1000,MI-5,0.146324744188
ItemItem,2,1000,Coverage,1.0
ItemItem,2,1000,MI-100-corrected.ByUser,-6.50957446963
ItemItem,2,1000,BuildTime,774445.6
ItemItem,2,1000,MI-50-corrected.ByUser,-3.01141288997
ItemItem,2,1000,MI-10.ByUser,0.231640517776
ItemItem,2,1000,MI-20.ByUser,0.34731185982
ItemItem,2,1000,MI-5-corrected,0.146304098276
ItemItem,2,1000,MI-10-corrected,0.171077197556
ItemItem,2,1000,NGood,139756.0
ItemItem,2,1000,MAE.ByUser,0.333825609294
ItemItem,2,1000,MI-10-corrected.ByUser,-0.417572250624
ItemItem,2,1000,MI-2-corrected,-5.16147801404e-06
ItemItem,2,1000,NRMSE,0.42818303322
ItemItem,2,1000,MI-50,0.199750435506
ItemItem,2,1000,MI-20-corrected.ByUser,-1.02324842902
ItemItem,2,1000,MI-20-corrected,0.191457911936
ItemItem,2,1000,MI-10,0.171123650858
ItemItem,2,1000,MI-5.ByUser,0.16916226718
ItemUserMean,2,1000,MI-native-corrected,-5.16147801404e-06
ItemUserMean,2,1000,RMSE.ByUser,0.420638420535
ItemUserMean,2,1000,MI-native,0.0
ItemUserMean,2,1000,NAttempted,139756.0
ItemUserMean,2,1000,MI-100-corrected,0.176653522797
ItemUserMean,2,1000,MI-50.ByUser,0.449712923032
ItemUserMean,2,1000,MI-2.ByUser,0.0
ItemUserMean,2,1000,NRMSE.ByUser,0.420638420535
ItemUserMean,2,1000,NMAE,0.366525334931
ItemUserMean,2,1000,MI-20,0.164134714243
ItemUserMean,2,1000,MAE,0.366525334931
ItemUserMean,2,1000,MI-native.ByUser,0.0
ItemUserMean,2,1000,NMAE.ByUser,0.366525334931
ItemUserMean,2,1000,RMSE.ByRating,0.431835180506
ItemUserMean,2,1000,NUsers,13975.6
ItemUserMean,2,1000,MI-50-corrected,0.175147425047
ItemUserMean,2,1000,TestTime,37105.0
ItemUserMean,2,1000,MI-2-corrected.ByUser,-0.0721347520445
ItemUserMean,2,1000,nDCG,0.956887098634
ItemUserMean,2,1000,MI-100.ByUser,0.5790468087
ItemUserMean,2,1000,MI-5-corrected.ByUser,-0.151363766435
ItemUserMean,2,1000,MI-100,0.177164509121
ItemUserMean,2,1000,MI-2,0.0
ItemUserMean,2,1000,MI-5,0.121284010533
ItemUserMean,2,1000,Coverage,1.0
ItemUserMean,2,1000,MI-100-corrected.ByUser,-6.5622936437
ItemUserMean,2,1000,BuildTime,20355.6
ItemUserMean,2,1000,MI-50-corrected.ByUser,-3.08488992715
ItemUserMean,2,1000,MI-10.ByUser,0.153925960397
ItemUserMean,2,1000,MI-20.ByUser,0.265321415982
ItemUserMean,2,1000,MI-5-corrected,0.121263364621
ItemUserMean,2,1000,MI-10-corrected,0.13418141501
ItemUserMean,2,1000,NGood,139756.0
ItemUserMean,2,1000,MAE.ByUser,0.366525334931
ItemUserMean,2,1000,MI-10-corrected.ByUser,-0.495286808003
ItemUserMean,2,1000,MI-2-corrected,-5.16147801404e-06
ItemUserMean,2,1000,NRMSE,0.431835180506
ItemUserMean,2,1000,MI-50,0.17540033747
ItemUserMean,2,1000,MI-20-corrected.ByUser,-1.10523887286
ItemUserMean,2,1000,MI-20-corrected,0.164036646161
ItemUserMean,2,1000,MI-10,0.134227868312
ItemUserMean,2,1000,MI-5.ByUser,0.137175241743
ItemItem,2,2,MI-native-corrected,-3.65805708277e-07
ItemItem,2,2,RMSE.ByUser,0.545319094795
ItemItem,2,2,MI-native,0.0
ItemItem,2,2,NAttempted,1972059.6
ItemItem,2,2,MI-100-corrected,0.0619824838762
ItemItem,2,2,MI-50.ByUser,0.228987642071
ItemItem,2,2,MI-2.ByUser,0.0
ItemItem,2,2,NRMSE.ByUser,0.545319094795
ItemItem,2,2,NMAE,0.435731398711
ItemItem,2,2,MI-20,0.0593954521437
ItemItem,2,2,MAE,0.435731398711
ItemItem,2,2,MI-native.ByUser,0.0
ItemItem,2,2,NMAE.ByUser,0.439634591639
ItemItem,2,2,RMSE.ByRating,0.55293375142
ItemItem,2,2,NUsers,13975.6
ItemItem,2,2,MI-50-corrected,0.0616010083024
ItemItem,2,2,TestTime,17414.0
ItemItem,2,2,MI-2-corrected.ByUser,-0.0140498535689
ItemItem,2,2,nDCG,0.964526649233
ItemItem,2,2,MI-100.ByUser,0.317700499542
ItemItem,2,2,MI-5-corrected.ByUser,-0.0127468262374
ItemItem,2,2,MI-100,0.0620186986413
ItemItem,2,2,MI-2,0.0
ItemItem,2,2,MI-5,0.0367132535115
ItemItem,2,2,Coverage,1.0
ItemItem,2,2,MI-100-corrected.ByUser,-1.07323500378
ItemItem,2,2,BuildTime,538200.0
ItemItem,2,2,MI-50-corrected.ByUser,-0.459455182806
ItemItem,2,2,MI-10.ByUser,0.0926861411936
ItemItem,2,2,MI-20.ByUser,0.143618533977
ItemItem,2,2,MI-5-corrected,0.0367117902887
ItemItem,2,2,MI-10-corrected,0.0532374854913
ItemItem,2,2,NGood,1972059.6
ItemItem,2,2,MAE.ByUser,0.439634591639
ItemItem,2,2,MI-10-corrected.ByUser,-0.0337625409268
ItemItem,2,2,MI-2-corrected,-3.65805708277e-07
ItemItem,2,2,NRMSE,0.55293375142
ItemItem,2,2,MI-50,0.0616189327821
ItemItem,2,2,MI-20-corrected.ByUser,-0.123328683832
ItemItem,2,2,MI-20-corrected,0.0593885018352
ItemItem,2,2,MI-10,0.0532407777427
ItemItem,2,2,MI-5.ByUser,0.0434525880383
ItemUserMean,2,2,MI-native-corrected,-3.65805708277e-07
ItemUserMean,2,2,RMSE.ByUser,0.524393294833
ItemUserMean,2,2,MI-native,0.0
ItemUserMean,2,2,NAttempted,1972059.6
ItemUserMean,2,2,MI-100-corrected,0.0624583527723
ItemUserMean,2,2,MI-50.ByUser,0.213264143249
ItemUserMean,2,2,MI-2.ByUser,0.0
ItemUserMean,2,2,NRMSE.ByUser,0.524393294833
ItemUserMean,2,2,NMAE,0.437517737964
ItemUserMean,2,2,MI-20,0.0599359871285
ItemUserMean,2,2,MAE,0.437517737964
ItemUserMean,2,2,MI-native.ByUser,0.0
ItemUserMean,2,2,NMAE.ByUser,0.44118281415
ItemUserMean,2,2,RMSE.ByRating,0.536662452196
ItemUserMean,2,2,NUsers,13975.6
ItemUserMean,2,2,MI-50-corrected,0.0621377429512
ItemUserMean,2,2,TestTime,46911.0
ItemUserMean,2,2,MI-2-corrected.ByUser,-0.0140498535689
ItemUserMean,2,2,nDCG,0.968008373931
ItemUserMean,2,2,MI-100.ByUser,0.293538012416
ItemUserMean,2,2,MI-5-corrected.ByUser,-0.00889770132152
ItemUserMean,2,2,MI-100,0.0624945675374
ItemUserMean,2,2,MI-2,0.0
ItemUserMean,2,2,MI-5,0.0394839425299
ItemUserMean,2,2,Coverage,1.0
ItemUserMean,2,2,MI-100-corrected.ByUser,-1.09739749091
ItemUserMean,2,2,BuildTime,11902.8
ItemUserMean,2,2,MI-50-corrected.ByUser,-0.475178681628
ItemUserMean,2,2,MI-10.ByUser,0.0899427908221
ItemUserMean,2,2,MI-20.ByUser,0.140472445842
ItemUserMean,2,2,MI-5-corrected,0.0394824793071
ItemUserMean,2,2,MI-10-corrected,0.053020674602
ItemUserMean,2,2,NGood,1972059.6
ItemUserMean,2,2,MAE.ByUser,0.44118281415
ItemUserMean,2,2,MI-10-corrected.ByUser,-0.0365058912983
ItemUserMean,2,2,MI-2-corrected,-3.65805708277e-07
ItemUserMean,2,2,NRMSE,0.536662452196
ItemUserMean,2,2,MI-50,0.0621556674309
ItemUserMean,2,2,MI-20-corrected.ByUser,-0.126474771967
ItemUserMean,2,2,MI-20-corrected,0.05992903682
ItemUserMean,2,2,MI-10,0.0530239668534
ItemUserMean,2,2,MI-5.ByUser,0.0473017129542
ItemItem,2,40,MI-native-corrected,-4.84508464259e-07
ItemItem,2,40,RMSE.ByUser,0.438067175032
ItemItem,2,40,MI-native,0.0
ItemItem,2,40,NAttempted,1489930.4
ItemItem,2,40,MI-100-corrected,0.141379190819
ItemItem,2,40,MI-50.ByUser,0.243657288411
ItemItem,2,40,MI-2.ByUser,0.0
ItemItem,2,40,NRMSE.ByUser,0.438067175032
ItemItem,2,40,NMAE,0.362082284255
ItemItem,2,40,MI-20,0.135931616253
ItemItem,2,40,MAE,0.362082284255
ItemItem,2,40,MI-native.ByUser,0.0
ItemItem,2,40,NMAE.ByUser,0.34886670547
ItemItem,2,40,RMSE.ByRating,0.468189937826
ItemItem,2,40,NUsers,9764.6
ItemItem,2,40,MI-50-corrected,0.140619179036
ItemItem,2,40,TestTime,22252.0
ItemItem,2,40,MI-2-corrected.ByUser,-0.0391565894411
ItemItem,2,40,nDCG,0.965729567761
ItemItem,2,40,MI-100.ByUser,0.322817601019
ItemItem,2,40,MI-5-corrected.ByUser,-0.0722506184376
ItemItem,2,40,MI-100,0.141427157157
ItemItem,2,40,MI-2,0.0
ItemItem,2,40,MI-5,0.106361949939
ItemItem,2,40,Coverage,1.0
ItemItem,2,40,MI-100-corrected.ByUser,-3.55368475365
ItemItem,2,40,BuildTime,555070.8
ItemItem,2,40,MI-50-corrected.ByUser,-1.6750155942
ItemItem,2,40,MI-10.ByUser,0.113860598224
ItemItem,2,40,MI-20.ByUser,0.162032055635
ItemItem,2,40,MI-5-corrected,0.106360011905
ItemItem,2,40,MI-10-corrected,0.122906727044
ItemItem,2,40,NGood,1489930.4
ItemItem,2,40,MAE.ByUser,0.34886670547
ItemItem,2,40,MI-10-corrected.ByUser,-0.238548706746
ItemItem,2,40,MI-2-corrected,-4.84508464259e-07
ItemItem,2,40,NRMSE,0.468189937826
ItemItem,2,40,MI-50,0.14064291995
ItemItem,2,40,MI-20-corrected.ByUser,-0.581943143745
ItemItem,2,40,MI-20-corrected,0.135922410592
ItemItem,2,40,MI-10,0.12291108762
ItemItem,2,40,MI-5.ByUser,0.0843757393266
ItemUserMean,2,40,MI-native-corrected,-4.84508464259e-07
ItemUserMean,2,40,RMSE.ByUser,0.42472401914
ItemUserMean,2,40,MI-native,0.0
ItemUserMean,2,40,NAttempted,1489930.4
ItemUserMean,2,40,MI-100-corrected,0.172471410568
ItemUserMean,2,40,MI-50.ByUser,0.209827423431
ItemUserMean,2,40,MI-2.ByUser,0.0
ItemUserMean,2,40,NRMSE.ByUser,0.42472401914
ItemUserMean,2,40,NMAE,0.376053843117
ItemUserMean,2,40,MI-20,0.159546477077
ItemUserMean,2,40,MAE,0.376053843117
ItemUserMean,2,40,MI-native.ByUser,0.0
ItemUserMean,2,40,NMAE.ByUser,0.371128081464
ItemUserMean,2,40,RMSE.ByRating,0.437222865275
ItemUserMean,2,40,NUsers,9764.6
ItemUserMean,2,40,MI-50-corrected,0.170803800611
ItemUserMean,2,40,TestTime,34392.6
ItemUserMean,2,40,MI-2-corrected.ByUser,-0.0391565894411
ItemUserMean,2,40,nDCG,0.96868282262
ItemUserMean,2,40,MI-100.ByUser,0.27745395598
ItemUserMean,2,40,MI-5-corrected.ByUser,-0.07778420781
ItemUserMean,2,40,MI-100,0.172519376906
ItemUserMean,2,40,MI-2,0.0
ItemUserMean,2,40,MI-5,0.120318961294
ItemUserMean,2,40,Coverage,1.0
ItemUserMean,2,40,MI-100-corrected.ByUser,-3.59904839868
ItemUserMean,2,40,BuildTime,30314.8
ItemUserMean,2,40,MI-50-corrected.ByUser,-1.70884545918
ItemUserMean,2,40,MI-10.ByUser,0.0883560775461
ItemUserMean,2,40,MI-20.ByUser,0.139331516462
ItemUserMean,2,40,MI-5-corrected,0.12031702326
ItemUserMean,2,40,MI-10-corrected,0.128636095596
ItemUserMean,2,40,NGood,1489930.4
ItemUserMean,2,40,MAE.ByUser,0.371128081464
ItemUserMean,2,40,MI-10-corrected.ByUser,-0.264053227423
ItemUserMean,2,40,MI-2-corrected,-4.84508464259e-07
ItemUserMean,2,40,NRMSE,0.437222865275
ItemUserMean,2,40,MI-50,0.170827541526
ItemUserMean,2,40,MI-20-corrected.ByUser,-0.604643682918
ItemUserMean,2,40,MI-20-corrected,0.159537271416
ItemUserMean,2,40,MI-10,0.128640456173
ItemUserMean,2,40,MI-5.ByUser,0.0788421499542
ItemItem,5,50,MI-native-corrected,0.210642580345
ItemItem,5,50,RMSE.ByUser,0.887308513612
ItemItem,5,50,MI-native,0.210650839189
ItemItem,5,50,NAttempted,1397730.6
ItemItem,5,50,MI-100-corrected,0.244215592906
ItemItem,5,50,MI-50.ByUser,0.736722583856
ItemItem,5,50,MI-2.ByUser,0.123074267086
ItemItem,5,50,NRMSE.ByUser,0.221827128403
ItemItem,5,50,NMAE,0.181728105144
ItemItem,5,50,MI-20,0.241785495499
ItemItem,5,50,MAE,0.726912420578
ItemItem,5,50,MI-native.ByUser,0.24493615018
ItemItem,5,50,NMAE.ByUser,0.176967732386
ItemItem,5,50,RMSE.ByRating,0.944718589926
ItemItem,5,50,NUsers,8594.2
ItemItem,5,50,MI-50-corrected,0.243922910452
ItemItem,5,50,TestTime,21664.0
ItemItem,5,50,MI-2-corrected.ByUser,-0.024576352958
ItemItem,5,50,nDCG,0.956610453725
ItemItem,5,50,MI-100.ByUser,0.935613186363
ItemItem,5,50,MI-5-corrected.ByUser,-0.345666329995
ItemItem,5,50,MI-100,0.244419999291
ItemItem,5,50,MI-2,0.1387703019
ItemItem,5,50,MI-5,0.210650839189
ItemItem,5,50,Coverage,1.0
ItemItem,5,50,MI-100-corrected.ByUser,-13.681798198
ItemItem,5,50,BuildTime,517060.6
ItemItem,5,50,MI-50-corrected.ByUser,-6.49815779829
ItemItem,5,50,MI-10.ByUser,0.361896424864
ItemItem,5,50,MI-20.ByUser,0.503649191938
ItemItem,5,50,MI-5-corrected,0.210642580345
ItemItem,5,50,MI-10-corrected,0.234663282039
ItemItem,5,50,NGood,1397730.6
ItemItem,5,50,MAE.ByUser,0.707870929545
ItemItem,5,50,MI-10-corrected.ByUser,-0.966959155531
ItemItem,5,50,MI-2-corrected,0.138768237189
ItemItem,5,50,NRMSE,0.236179647481
ItemItem,5,50,MI-50,0.244024081289
ItemItem,5,50,MI-20-corrected.ByUser,-2.30171258889
ItemItem,5,50,MI-20-corrected,0.24174626599
ItemItem,5,50,MI-10,0.234681864437
ItemItem,5,50,MI-5.ByUser,0.24493615018
ItemUserMean,5,50,MI-native-corrected,0.195615899826
ItemUserMean,5,50,RMSE.ByUser,0.874583737833
ItemUserMean,5,50,MI-native,0.19562415867
ItemUserMean,5,50,NAttempted,1397730.6
ItemUserMean,5,50,MI-100-corrected,0.246182655809
ItemUserMean,5,50,MI-50.ByUser,0.632874915383
ItemUserMean,5,50,MI-2.ByUser,0.103055113347
ItemUserMean,5,50,NRMSE.ByUser,0.218645934458
ItemUserMean,5,50,NMAE,0.17559032265
ItemUserMean,5,50,MI-20,0.242351373115
ItemUserMean,5,50,MAE,0.702361290601
ItemUserMean,5,50,MI-native.ByUser,0.186452733406
ItemUserMean,5,50,NMAE.ByUser,0.177966028112
ItemUserMean,5,50,RMSE.ByRating,0.898476719812
ItemUserMean,5,50,NUsers,8594.2
ItemUserMean,5,50,MI-50-corrected,0.245722115032
ItemUserMean,5,50,TestTime,39025.0
ItemUserMean,5,50,MI-2-corrected.ByUser,-0.0445955066969
ItemUserMean,5,50,nDCG,0.955805332626
ItemUserMean,5,50,MI-100.ByUser,0.825563835654
ItemUserMean,5,50,MI-5-corrected.ByUser,-0.40414974677
ItemUserMean,5,50,MI-100,0.246387062194
ItemUserMean,5,50,MI-2,0.132742940966
ItemUserMean,5,50,MI-5,0.19562415867
ItemUserMean,5,50,Coverage,1.0
ItemUserMean,5,50,MI-100-corrected.ByUser,-13.7918475487
ItemUserMean,5,50,BuildTime,13791.0
ItemUserMean,5,50,MI-50-corrected.ByUser,-6.60200546676
ItemUserMean,5,50,MI-10.ByUser,0.293905956913
ItemUserMean,5,50,MI-20.ByUser,0.420291503208
ItemUserMean,5,50,MI-5-corrected,0.195615899826
ItemUserMean,5,50,MI-10-corrected,0.231196847181
ItemUserMean,5,50,NGood,1397730.6
ItemUserMean,5,50,MAE.ByUser,0.711864112449
ItemUserMean,5,50,MI-10-corrected.ByUser,-1.03494962348
ItemUserMean,5,50,MI-2-corrected,0.132740876255
ItemUserMean,5,50,NRMSE,0.224619179953
ItemUserMean,5,50,MI-50,0.245823285869
ItemUserMean,5,50,MI-20-corrected.ByUser,-2.38507027762
ItemUserMean,5,50,MI-20-corrected,0.242312143607
ItemUserMean,5,50,MI-10,0.23121542958
ItemUserMean,5,50,MI-5.ByUser,0.186452733406
ItemItem,2,15,MI-native-corrected,-4.02934478118e-07
ItemItem,2,15,RMSE.ByUser,0.47755182611
ItemItem,2,15,MI-native,0.0
ItemItem,2,15,NAttempted,1790376.8
ItemItem,2,15,MI-100-corrected,0.105014460875
ItemItem,2,15,MI-50.ByUser,0.273096295066
ItemItem,2,15,MI-2.ByUser,0.0
ItemItem,2,15,NRMSE.ByUser,0.47755182611
ItemItem,2,15,NMAE,0.381711222567
ItemItem,2,15,MI-20,0.100841048817
ItemItem,2,15,MAE,0.381711222567
ItemItem,2,15,MI-native.ByUser,0.0
ItemItem,2,15,NMAE.ByUser,0.373694531524
ItemItem,2,15,RMSE.ByRating,0.499286257286
ItemItem,2,15,NUsers,13975.6
ItemItem,2,15,MI-50-corrected,0.10444749267
ItemItem,2,15,TestTime,62184.6
ItemItem,2,15,MI-2-corrected.ByUser,-0.027383215682
ItemItem,2,15,nDCG,0.961439220732
ItemItem,2,15,MI-100.ByUser,0.366394715104
ItemItem,2,15,MI-5-corrected.ByUser,-0.0346591227491
ItemItem,2,15,MI-100,0.105054351389
ItemItem,2,15,MI-2,0.0
ItemItem,2,15,MI-5,0.080125150507
ItemItem,2,15,Coverage,1.0
ItemItem,2,15,MI-100-corrected.ByUser,-2.34454363742
ItemItem,2,15,BuildTime,1473847.8
ItemItem,2,15,MI-50-corrected.ByUser,-1.06868127335
ItemItem,2,15,MI-10.ByUser,0.112208953339
ItemItem,2,15,MI-20.ByUser,0.172189929521
ItemItem,2,15,MI-5-corrected,0.0801235387691
ItemItem,2,15,MI-10-corrected,0.0900209796944
ItemItem,2,15,NGood,1790376.8
ItemItem,2,15,MAE.ByUser,0.373694531524
ItemItem,2,15,MI-10-corrected.ByUser,-0.1342399878
ItemItem,2,15,MI-2-corrected,-4.02934478118e-07
ItemItem,2,15,NRMSE,0.499286257286
ItemItem,2,15,MI-50,0.10446723646
ItemItem,2,15,MI-20-corrected.ByUser,-0.348091168438
ItemItem,2,15,MI-20-corrected,0.100833393062
ItemItem,2,15,MI-10,0.0900246061047
ItemItem,2,15,MI-5.ByUser,0.074873739979
ItemUserMean,2,15,MI-native-corrected,-4.02934478118e-07
ItemUserMean,2,15,RMSE.ByUser,0.43821278349
ItemUserMean,2,15,MI-native,0.0
ItemUserMean,2,15,NAttempted,1790376.8
ItemUserMean,2,15,MI-100-corrected,0.146750480184
ItemUserMean,2,15,MI-50.ByUser,0.233827837955
ItemUserMean,2,15,MI-2.ByUser,0.0
ItemUserMean,2,15,NRMSE.ByUser,0.43821278349
ItemUserMean,2,15,NMAE,0.383777984097
ItemUserMean,2,15,MI-20,0.136959743283
ItemUserMean,2,15,MAE,0.383777984097
ItemUserMean,2,15,MI-native.ByUser,0.0
ItemUserMean,2,15,NMAE.ByUser,0.381282162507
ItemUserMean,2,15,RMSE.ByRating,0.447925705828
ItemUserMean,2,15,NUsers,13975.6
ItemUserMean,2,15,MI-50-corrected,0.145471627265
ItemUserMean,2,15,TestTime,574190.6
ItemUserMean,2,15,MI-2-corrected.ByUser,-0.027383215682
ItemUserMean,2,15,nDCG,0.967357870455
ItemUserMean,2,15,MI-100.ByUser,0.311889112539
ItemUserMean,2,15,MI-5-corrected.ByUser,-0.0311403039678
ItemUserMean,2,15,MI-100,0.146790370698
ItemUserMean,2,15,MI-2,0.0
ItemUserMean,2,15,MI-5,0.102558788049
ItemUserMean,2,15,Coverage,1.0
ItemUserMean,2,15,MI-100-corrected.ByUser,-2.39904923998
ItemUserMean,2,15,BuildTime,14166.4
ItemUserMean,2,15,MI-50-corrected.ByUser,-1.10794973046
ItemUserMean,2,15,MI-10.ByUser,0.0933852541288
ItemUserMean,2,15,MI-20.ByUser,0.150187063114
ItemUserMean,2,15,MI-5-corrected,0.102557176311
ItemUserMean,2,15,MI-10-corrected,0.112052655196
ItemUserMean,2,15,NGood,1790376.8
ItemUserMean,2,15,MAE.ByUser,0.381282162507
ItemUserMean,2,15,MI-10-corrected.ByUser,-0.153063687009
ItemUserMean,2,15,MI-2-corrected,-4.02934478118e-07
ItemUserMean,2,15,NRMSE,0.447925705828
ItemUserMean,2,15,MI-50,0.145491371055
ItemUserMean,2,15,MI-20-corrected.ByUser,-0.370094034845
ItemUserMean,2,15,MI-20-corrected,0.136952087528
ItemUserMean,2,15,MI-10,0.112056281606
ItemUserMean,2,15,MI-5.ByUser,0.0783925587604
